-- phpMyAdmin SQL Dump
-- version 5.2.1
-- https://www.phpmyadmin.net/
--
-- Hôte : 127.0.0.1
-- Généré le : mar. 19 mars 2024 à 10:01
-- Version du serveur : 10.4.28-MariaDB
-- Version de PHP : 8.2.4

SET SQL_MODE = "NO_AUTO_VALUE_ON_ZERO";
START TRANSACTION;
SET time_zone = "+00:00";


/*!40101 SET @OLD_CHARACTER_SET_CLIENT=@@CHARACTER_SET_CLIENT */;
/*!40101 SET @OLD_CHARACTER_SET_RESULTS=@@CHARACTER_SET_RESULTS */;
/*!40101 SET @OLD_COLLATION_CONNECTION=@@COLLATION_CONNECTION */;
/*!40101 SET NAMES utf8mb4 */;

--
-- Base de données : `gsb`
--

-- --------------------------------------------------------

--
-- Structure de la table `comptable`
--

CREATE TABLE `comptable` (
  `idComptable` char(4) NOT NULL,
  `idRegion` varchar(1) NOT NULL
) ENGINE=InnoDB DEFAULT CHARSET=utf8mb4 COLLATE=utf8mb4_general_ci;

--
-- Déchargement des données de la table `comptable`
--

INSERT INTO `comptable` (`idComptable`, `idRegion`) VALUES
('ac1', 'a');

-- --------------------------------------------------------

--
-- Structure de la table `directeur_regional`
--

CREATE TABLE `directeur_regional` (
  `idDirecteurRegional` char(4) NOT NULL,
  `idRegion` varchar(1) NOT NULL
) ENGINE=InnoDB DEFAULT CHARSET=utf8mb4 COLLATE=utf8mb4_general_ci;

--
-- Déchargement des données de la table `directeur_regional`
--

INSERT INTO `directeur_regional` (`idDirecteurRegional`, `idRegion`) VALUES
('ad10', 'a'),
('bd15', 'b'),
('cd20', 'c'),
('dd25', 'd'),
('ed30', 'e'),
('fd35', 'f');

-- --------------------------------------------------------

--
-- Structure de la table `employe`
--

CREATE TABLE `employe` (
  `idEmploye` char(4) NOT NULL,
  `nom` char(30) DEFAULT NULL,
  `prenom` char(30) DEFAULT NULL,
  `login` char(20) DEFAULT NULL,
  `mdp` char(20) DEFAULT NULL,
  `hashMdp` varchar(255) DEFAULT NULL,
  `salt` varchar(255) NOT NULL,
  `adresse` char(30) DEFAULT NULL,
  `cp` char(5) DEFAULT NULL,
  `ville` char(30) DEFAULT NULL,
  `dateEmbauche` date DEFAULT NULL,
  `idRegion` varchar(3) DEFAULT NULL
) ENGINE=InnoDB DEFAULT CHARSET=utf8mb4 COLLATE=utf8mb4_general_ci;

--
-- Déchargement des données de la table `employe`
--

INSERT INTO `employe` (`idEmploye`, `nom`, `prenom`, `login`, `mdp`, `hashMdp`, `salt`, `adresse`, `cp`, `ville`, `dateEmbauche`, `idRegion`) VALUES
('a131', 'Villechalane', 'Louis', 'lvillachane', 'jux7g', '5dc5c988157d65303aa68e79e44f09be7f36bf028f7e322e66aef0e853224c18b850416098a5ceb62fd78b851f77bbdb5e91016cab9129df0b2c1dd63238716e', '589de2b86cceb45d7258c54f830e2a43', '8 rue des Charmes', '46000', 'Cahors', '2005-12-21', 'a'),
('a17', 'Andre', 'David', 'dandre', 'oppg5', 'b2d3604c864df26f5d9a8f71ae1dda4299193d161ca53f725f0fc62601f9df597f3c91967ae862009e612e0c672305fb0a5b8f64fed827ae51ef8bda6f1fd931', 'd7d197869c756e1c16bf7112961daaef', '1 rue Petit', '46200', 'Lalbenque', '1998-11-23', 'a'),
('a55', 'Bedos', 'Christian', 'cbedos', 'gmhxd', '9b0c67b53748725126276398889defd84784dff6d8fd12b1cecba23b0799756ce3a490f8b2ec5dabdf98b3f975b4676356b0b17fee757fe562c15b527d77d2a5', '18667ec4878135f109169fb5b715682c', '1 rue Peranud', '46250', 'Montcuq', '1995-01-12', 'a'),
('a93', 'Tusseau', 'Louis', 'ltusseau', 'ktp3s', 'd31f7209cc1cea5cfce69785fc75ce76249ea795534ebb86a22b576737184b52f938b8a546508b1200d533d3b17ebefdf07b281925fee33197a5f1587e4b7bd0', '0a40238940681e2e698b64e18ad62009', '22 rue des Ternes', '46123', 'Gramat', '2000-05-01', 'a'),
('ac1', 'Dumoulin', 'Alphonse', 'adumoulin', 'oppg6', '4a72437e89994d774ae07caf07081e4f7d586e3d326333a0aa43cbb05b7cf377856cba3362590d2a01d3f17a0fda0eaf708bb024e3076422e007319b877b40ee', '76e6901ebd149a00bd6103bc71bca3c6', '12 rue des martyrs de la résis', '93100', 'Montreuil', '1995-12-21', 'a'),
('ad10', 'Durand', 'Marie', 'mdurand', 'p9ksm', 'f0123e0e6f33e0b3500f8b1cc58c3b5b190a3b2e2ea888d83f12a3a72c328dc0f83da3d4eb2a0a7501f36ce0f31249d3a8d6a33afed5c91a78c1cd7b3bce993', 'a12cc5ea827f1a2ce13d5377b5dd95d2', '5 Avenue des Roses', '75015', 'Marseille', '2011-08-02', 'a'),
('b13', 'Bentot', 'Pascal', 'pbentot', 'doyw1', '490fdd6a984616c67f6d813b98d24aa5af5c2db242f295556fbf0efdb735b057d01f3f06ce6df1bae0c172fff31f1cf6d20536aec8ebf0cb4fe34a95d83b129f', '61281192d86138fc5e90064186b9f688', '11 allée des Cerises', '46512', 'Bessines', '1992-07-09', 'b'),
('b16', 'Bioret', 'Luc', 'lbioret', 'hrjfs', '4e87782e714e0e0726d48e8c17bd04be04c19a23f251fc50bb5dd7276075f3acda8019f190764a29c85fd5d27c71783fa224d7ce72b6c6399d9e0c12fa7d4fa8', 'f182cf999ebbb374a1532b19cf42461b', '1 Avenue gambetta', '46000', 'Cahors', '1998-05-11', 'b'),
('b19', 'Bunisset', 'Francis', 'fbunisset', '4vbnd', '5fb9139cb1a19c5d2d09cc8f1888b55317c7268bf61e9d0ef3469d41251d7f1bf9b47d1874c1f114132c28bc997e7551bee0aacf32df50451d699a2176a6f360', '79973d8c6da975986915db4c2df1ee93', '10 rue des Perles', '93100', 'Montreuil', '1987-10-21', 'b'),
('b25', 'Bunisset', 'Denise', 'dbunisset', 's1y1r', 'e2d17891b25293b6604e38aa82c6bfe3412bf7fe48f34cc13d661e37db5577526d550bdfa34086075a8dca843dfaa7ab119adb33f900b99166916673e41fd6b0', '5749b247cdcac0e8faa047393c31ada3', '23 rue Manin', '75019', 'Paris', '2010-12-05', 'b'),
('b28', 'Cacheux', 'Bernard', 'bcacheux', 'uf7r3', 'a2f6b1ed4c3aa81abe8f981957854a64ccad0b42252f29ddb98f08525ee768825c3e2a6df67d26f85b6b62a55764b8c08b2f66fff0a7ad7867e2e487e18497cb', '6540cde908a333bb8d66fd861bb61526', '114 rue Blanche', '75017', 'Paris', '2009-11-12', 'b'),
('b34', 'Cadic', 'Eric', 'ecadic', '6u8dc', '9bb7c9d92b8342d744e31875ff3b79159fed7af0333ec4416472d5a44b787625984845035aabeb8afcf200c3d03a6eeac7c64b6fc9c4275f1b64911d3fa71a65', '445b41226ea5d9c05f37d6380f98a3ba', '123 avenue de la République', '75011', 'Paris', '2008-09-23', 'b'),
('b4', 'Charoze', 'Catherine', 'ccharoze', 'u817o', '03528777b3835d7b771ff304cc5089f7f3cd56137a6cc0a3a862cd76b512aa9ef3c99752eca60ff711b5a55b0780b0b06297af1a81e2842a3d80d183768e2274', '835769d890549fa216e521184af657e2', '100 rue Petit', '75019', 'Paris', '2005-11-12', 'b'),
('b50', 'Clepkens', 'Christophe', 'cclepkens', 'bw1us', 'e7faf3b6c94dd044d508b9fb5fd9527afb5a5bce97b05741d0ee463ff8411c4f142767faa9d8f6c03379a0aa73cc24fdba179a05a707383cc3f9f867b1529442', '7c48f9efa7d814d67b46cd335654eaed', '12 allée des Anges', '93230', 'Romainville', '2003-08-11', 'b'),
('b59', 'Cottin', 'Vincenne', 'vcottin', '2hoh9', 'b3126742c1090f4b19a9e2eddbd847671e2703de7df0b7581d0a522b2ad9d9dabf7a4e723624d8a7f2c972120e3ae22babe47641264ad1966c9253eb7434c695', 'e830164299d488c97707129bb148207c', '36 rue Des Roches', '93100', 'Monteuil', '2001-11-18', 'b'),
('bd15', 'Lefevre', 'Isabelle', 'ilefevre', 's74f2', '5d6d086878ab9e0de76b508f035c63d1cf788f515d0486d52d6f0e2e318a8c17a2cfa832d0fb25b2d14cc69969551e05c9b6ba60c97f1b4d88ef13975dd0e3e2', '839c2222f05a27b3cf1a1d38c4a10b0e', '7 rue de la Paix', '59000', 'Lille', '2008-04-15', 'b'),
('c14', 'Daburon', 'François', 'fdaburon', '7oqpv', 'e3b98a99e7801327c9a765a83ea94f975853f03461b67694d70444b99a4b05b70c5376c7dc8aa19ba9238a995775a03c4b1ffb57502e5fb4845c55fe474e197c', 'db108abb293e464a853026b372f3e8c6', '13 rue de Chanzy', '94000', 'Créteil', '2002-02-11', 'c'),
('c3', 'De', 'Philippe', 'pde', 'gk9kx', '554f5d3a2b0160b5aa9621651e9ce0022c98ef720087af9482879050bac17e6c97c5cb4a36312280005fbf04f622c7c3b11cc1d8195b36aa456098a2de2e0d00', 'b82a2c87fc056c26264128f8131fdddf', '13 rue Barthes', '94000', 'Créteil', '2010-12-14', 'c'),
('c54', 'Debelle', 'Michel', 'mdebelle', 'od5rt', 'd2ec71231039f4a031560d954654754307750960f4e0d8fdce8a218888dc91e209e6559575335201e3aff6eea643708bf2ffe6ad840d7dd4c5a304f28ba163c1', '5183f3e32ece6a9734a7a7cc94f0f96c', '181 avenue Barbusse', '93210', 'Rosny', '2006-11-23', 'c'),
('cd20', 'Martin', 'Jean', 'jmartin', '3b1c7', '363b6321910b398e2c2b48d20d68cb883cf8e9b2cb682e7f0a31882a1467af7fc2f732810764350a2a19da1d5d63fe53b3a4d4fb9f3dbb14f5f88176ea5c852', '9c5baa0b1e6d3f1cd4a4913c67b8a899', '25 Avenue de la Liberté', '69000', 'Lyon', '2013-06-28', 'c'),
('d13', 'Debelle', 'Jeanne', 'jdebelle', 'nvwqq', 'f337c128a4a1103eb69fd4421a84955fd2c4026ac88c9a1055b947ea2ad7f9cc9009451bc637198000dab86103407aec80a7c3175063185be33f8a358f9e2c70', '6244b0c3adf253f3f00b99d7911e4652', '134 allée des Joncs', '44000', 'Nantes', '2000-05-11', 'd'),
('d51', 'Debroise', 'Michel', 'mdebroise', 'sghkb', '448575188360c309a5c04bbddcee97afd636a7a513c95694a109709af3697454bc0b8a90474df249e2857213600e6a7e60fce3ee58534a428cbcb7ca3bcc4dee', 'e6d434faf65decc6b25f0f5b99c4e203', '2 Bld Jourdain', '44000', 'Nantes', '2001-04-17', 'd'),
('dd25', 'Bertrand', 'Pierre', 'pbertrand', 'qoh35', 'c2a2722a8aa3a87e9f14c2b76d36e8a3aa0b75372f03e5ee2d6cc7cfbea6801f5eef71a5364ce0c8355e3d8c86c6ed2d9dd14e1ec14ee0ad8d8e989078e93637', '0f09e78344b245b88566a5c5a6ab7a4d', '33 Avenue de la République', '44000', 'Nantes', '2015-02-19', 'd'),
('e22', 'Desmarquest', 'Nathalie', 'ndesmarquest', 'f1fob', 'd4070b7cfaf9c27320408e139ba7a888db5ec32deb5b6840443f0edf5c50221364405215dacc1cb5499cc49cb82ff46789d959b461d79ac402e5da3b2b154e56', 'a854bea4b9ec3a375a4320dcae718d38', '14 Place d Arc', '45000', 'Orléans', '2005-11-12', 'e'),
('e24', 'Desnost', 'Pierre', 'pdesnost', '4k2o5', 'fe0a761cf0601a8fb4736144360857fc058dd75def0ae52cc973844c60fbc617d70cde0d54e1858fd09b8ba2dac4263c041ccbfe2433ef57f08e7e0abb070dbf', 'cfbee309364454fc378f771b353e9a03', '16 avenue des Cèdres', '23200', 'Guéret', '2001-02-05', 'e'),
('e39', 'Dudouit', 'Frédéric', 'fdudouit', '44im8', '9e1fccc151776af8581a288769ea8712566c4548c986ea2242dacae75b259344e905d37bd5b889f708c985480da3336593ed5387829207f125a1feb4b3c769ad', '09772a606174cdb06da0be0dd6629781', '18 rue de l église', '23120', 'GrandBourg', '2000-08-01', 'e'),
('e49', 'Duncombe', 'Claude', 'cduncombe', 'qf77j', '16984d8cca5283db5cc4e8953ce75f2f91f5759e8ef969c420ebf5beebc1d2b326895b6f511c51f09f897b1a52cf8c537862bfc7e1088e4b8c8a0485ac1560c4', '1697a10d45d65554e3bad3caecb93b0d', '19 rue de la tour', '23100', 'La souteraine', '1987-10-10', 'e'),
('e5', 'Enault-Pascreau', 'Céline', 'cenault', 'y2qdu', '1d740416605a641547bc1811001edbbd6e6aa2b556978ed218b07f3975162c8f7bb6bb04bc604b67552eedc87cd393a5aba233bf9be650c5c07225c59dd6d489', '36be5ce364a8f2b9ca35b5e0a38ba157', '25 place de la gare', '23200', 'Gueret', '1995-09-01', 'e'),
('e52', 'Eynde', 'Valérie', 'veynde', 'i7sn3', 'f758b97f2452eefb9a1d4ed77a79e0eaf2c22ab58270cd4d5a96df00f1cb3f5dffffa6f5045d9142868359a7c06ef21fb07e646fdf643c137f1a0fad7bb4926d', '7464c04cec29c04624522f6027bb2a87', '3 Grand Place', '13015', 'Marseille', '1999-11-01', 'e'),
('ed30', 'Roux', 'Sylvie', 'sroux', 'b2f4p', 'c59e9d784b16e9d3f237d9981b5e6e8904ee45d0f7964db5b9f3171feaa20c3a82f9ce8eafbe11c6215e465b05367a300c9c45d3bf5455b8e8931d2daddccabe', 'b22e78533e1d18f240e0e4c4c2c894b6', '44 Boulevard Haussmann', '45000', 'Orleans', '2017-11-08', 'e'),
('f21', 'Finck', 'Jacques', 'jfinck', 'mpb3t', '8351264cb48deccaf2e00390a730f352c0759a4b9d7364f540cc205ff00f0320bb7d523eeab780544e300d2cff2b864680ba8de168364f10f54587457bd61592', '8dff4feaf9b042a375db08e629baf068', '10 avenue du Prado', '13002', 'Marseille', '2001-11-10', 'f'),
('f39', 'Frémont', 'Fernande', 'ffremont', 'xs5tq', 'af230d98148e83124d82df4015cbca1b387eebfea64844c7bb3862d013c8031f460cc5c5fbbcfa536da86a4ec88c83be4114423b453f8c9ffefac45f37430109', 'bd4262dfb96e78439e3774ab2fadf016', '4 route de la mer', '13012', 'Allauh', '1998-10-01', 'f'),
('f4', 'Gest', 'Alain', 'agest', 'dywvt', 'ce7f90d3697cd7b41edc66263846fecc06c41d5527af1a9b4abed42e52b57fa6c095ae241f88aa828490e9639f059dcfbbfa2373c68141374d20bf3407c36f61', 'e4612442ac822a844e03a47123254310', '30 avenue de la mer', '13025', 'Berre', '1985-11-01', 'f'),
('fd35', 'Le Gall', 'Olivier', 'olegall', '9f38d', '951dc6c2a7552efb7b7468c7a6c6e0d0c9a7962a3c9a416aebd933ebadaa00aae5bd77f3d02b1c7e77d63ee1c285a3b74f4de13b1cd0a9d81ec5a9b005aa48c4', 'f2391d8ab1bc0d1c015229b167ae71c1', '55 Rue de la Pompe', '75116', 'Paris', '2019-04-30', 'f');

-- --------------------------------------------------------

--
-- Structure de la table `etat`
--

CREATE TABLE `etat` (
  `idEtat` char(2) NOT NULL,
  `libelle` varchar(30) DEFAULT NULL
) ENGINE=InnoDB DEFAULT CHARSET=utf8mb4 COLLATE=utf8mb4_general_ci;

--
-- Déchargement des données de la table `etat`
--

INSERT INTO `etat` (`idEtat`, `libelle`) VALUES
('CL', 'Saisie clôturée'),
('CR', 'Fiche créée, saisie en cours'),
('RB', 'Remboursée'),
('VA', 'Validée et mise en paiement');

-- --------------------------------------------------------

--
-- Structure de la table `fichefrais`
--

CREATE TABLE `fichefrais` (
  `idVisiteur` char(4) NOT NULL,
  `mois` char(6) NOT NULL,
  `nbJustificatifs` int(11) DEFAULT NULL,
  `montantValide` decimal(10,2) DEFAULT NULL,
  `dateModif` date DEFAULT NULL,
  `idEtat` char(2) DEFAULT 'CR'
) ENGINE=InnoDB DEFAULT CHARSET=utf8mb4 COLLATE=utf8mb4_general_ci;

--
-- Déchargement des données de la table `fichefrais`
--

INSERT INTO `fichefrais` (`idVisiteur`, `mois`, `nbJustificatifs`, `montantValide`, `dateModif`, `idEtat`) VALUES
('a131', '201801', 3, 2965.19, '2018-03-07', 'RB'),
('a131', '201802', 2, 2647.34, '2018-04-04', 'RB'),
('a131', '201803', 9, 2912.08, '2018-05-04', 'RB'),
('a131', '201804', 6, 2816.65, '2018-06-02', 'RB'),
('a131', '201805', 3, 4068.25, '2018-07-08', 'RB'),
('a131', '201806', 3, 2927.90, '2018-08-05', 'RB'),
('a131', '201807', 5, 3754.85, '2018-09-05', 'RB'),
('a131', '201808', 3, 2902.80, '2018-10-01', 'RB'),
('a131', '201809', 10, 1649.42, '2018-11-01', 'RB'),
('a131', '201810', 5, 2940.83, '2018-12-04', 'RB'),
('a131', '201811', 7, 2975.15, '2019-01-03', 'RB'),
('a131', '201812', 10, 4022.12, '2019-02-01', 'RB'),
('a131', '201901', 8, 2739.78, '2019-03-05', 'RB'),
('a131', '201902', 5, 3630.83, '2019-04-02', 'RB'),
('a131', '201903', 1, 2412.65, '2019-05-07', 'RB'),
('a131', '201904', 1, 2374.48, '2019-06-04', 'RB'),
('a131', '201905', 4, 3359.59, '2019-07-01', 'RB'),
('a131', '201906', 10, 3886.46, '2019-08-01', 'RB'),
('a131', '201907', 5, 4214.21, '2019-09-08', 'RB'),
('a131', '201908', 10, 4454.79, '2019-10-08', 'RB'),
('a131', '201909', 3, 3963.85, '2019-11-08', 'RB'),
('a131', '201910', 9, 3429.71, '2019-12-08', 'RB'),
('a131', '201911', 9, 3243.72, '2020-01-04', 'RB'),
('a131', '201912', 7, 3910.16, '2020-02-02', 'RB'),
('a131', '202001', 4, 2057.40, '2020-02-06', 'VA'),
('a131', '202002', 3, 0.00, '2020-02-07', 'CR'),
('a17', '201801', 7, 3276.99, '2018-03-02', 'RB'),
('a17', '201802', 5, 2662.11, '2018-04-06', 'RB'),
('a17', '201803', 9, 3251.64, '2018-05-04', 'RB'),
('a17', '201804', 5, 3725.96, '2018-06-02', 'RB'),
('a17', '201805', 9, 1463.55, '2018-07-07', 'RB'),
('a17', '201806', 7, 3145.23, '2018-08-05', 'RB'),
('a17', '201807', 11, 3717.25, '2018-09-07', 'RB'),
('a17', '201808', 5, 4052.61, '2018-10-04', 'RB'),
('a17', '201809', 2, 2796.19, '2018-11-02', 'RB'),
('a17', '201810', 2, 3323.02, '2018-12-03', 'RB'),
('a17', '201811', 10, 2213.31, '2019-01-04', 'RB'),
('a17', '201812', 6, 3603.56, '2019-02-03', 'RB'),
('a17', '201901', 2, 3064.55, '2019-03-06', 'RB'),
('a17', '201902', 0, 2749.79, '2019-04-06', 'RB'),
('a17', '201903', 4, 3845.02, '2019-05-07', 'RB'),
('a17', '201904', 8, 3456.32, '2019-06-08', 'RB'),
('a17', '201905', 5, 3276.34, '2019-07-05', 'RB'),
('a17', '201906', 4, 1942.29, '2019-08-07', 'RB'),
('a17', '201907', 9, 2707.94, '2019-09-03', 'RB'),
('a17', '201908', 3, 2332.90, '2019-10-02', 'RB'),
('a17', '201909', 2, 3992.62, '2019-11-06', 'RB'),
('a17', '201910', 11, 3322.22, '2019-12-02', 'RB'),
('a17', '201911', 12, 3189.02, '2020-01-07', 'RB'),
('a17', '201912', 2, 4157.23, '2020-02-03', 'RB'),
('a17', '202001', 8, 4053.52, '2020-02-02', 'VA'),
('a17', '202002', 7, 0.00, '2020-04-07', 'CL'),
('a17', '202004', 0, 3517.44, '2020-05-06', 'CL'),
('a17', '202005', 0, 0.00, '2020-05-06', 'CR'),
('a17', '202310', NULL, NULL, NULL, 'CR'),
('a17', '202311', NULL, NULL, NULL, 'CR'),
('a17', '202312', NULL, NULL, NULL, 'CR'),
('a55', '201801', 2, 3466.50, '2018-03-07', 'RB'),
('a55', '201802', 5, 2662.59, '2018-04-02', 'RB'),
('a55', '201803', 5, 3871.87, '2018-05-06', 'RB'),
('a55', '201804', 0, 3537.70, '2018-06-01', 'RB'),
('a55', '201805', 7, 2474.66, '2018-07-07', 'RB'),
('a55', '201806', 4, 4443.88, '2018-08-08', 'RB'),
('a55', '201807', 9, 2813.44, '2018-09-04', 'RB'),
('a55', '201808', 3, 1795.50, '2018-10-05', 'RB'),
('a55', '201809', 5, 2390.40, '2018-11-07', 'RB'),
('a55', '201810', 3, 4374.43, '2018-12-05', 'RB'),
('a55', '201811', 6, 2702.75, '2019-01-06', 'RB'),
('a55', '201812', 9, 4075.29, '2019-02-03', 'RB'),
('a55', '201901', 0, 4509.14, '2019-03-08', 'RB'),
('a55', '201902', 5, 1963.35, '2019-04-01', 'RB'),
('a55', '201903', 12, 3442.46, '2019-05-02', 'RB'),
('a55', '201904', 7, 4008.51, '2019-06-03', 'RB'),
('a55', '201905', 5, 3214.01, '2019-07-07', 'RB'),
('a55', '201906', 7, 2569.96, '2019-08-03', 'RB'),
('a55', '201907', 3, 4220.51, '2019-09-07', 'RB'),
('a55', '201908', 12, 2954.48, '2019-10-01', 'RB'),
('a55', '201909', 8, 2215.32, '2019-11-05', 'RB'),
('a55', '201910', 11, 2951.49, '2019-12-07', 'RB'),
('a55', '201911', 2, 2414.31, '2020-01-05', 'RB'),
('a55', '201912', 3, 3924.31, '2020-02-06', 'RB'),
('a55', '202001', 4, 3382.91, '2020-02-02', 'VA'),
('a55', '202002', 10, 0.00, '2020-02-03', 'CR'),
('a93', '201801', 11, 3535.27, '2018-03-07', 'RB'),
('a93', '201802', 0, 4610.34, '2018-04-01', 'RB'),
('a93', '201803', 5, 2760.90, '2018-05-04', 'RB'),
('a93', '201804', 8, 2301.41, '2018-06-02', 'RB'),
('a93', '201805', 8, 3277.70, '2018-07-02', 'RB'),
('a93', '201806', 10, 1921.40, '2018-08-03', 'RB'),
('a93', '201807', 8, 2263.48, '2018-09-07', 'RB'),
('a93', '201808', 1, 3106.46, '2018-10-07', 'RB'),
('a93', '201809', 3, 4444.37, '2018-11-05', 'RB'),
('a93', '201810', 4, 2233.70, '2018-12-07', 'RB'),
('a93', '201811', 2, 3438.76, '2019-01-08', 'RB'),
('a93', '201812', 1, 3146.68, '2019-02-02', 'RB'),
('a93', '201901', 3, 2228.29, '2019-03-05', 'RB'),
('a93', '201902', 2, 2142.97, '2019-04-02', 'RB'),
('a93', '201903', 10, 3696.75, '2019-05-01', 'RB'),
('a93', '201904', 6, 2499.35, '2019-06-02', 'RB'),
('a93', '201905', 0, 5266.66, '2019-07-05', 'RB'),
('a93', '201906', 12, 3009.27, '2019-08-08', 'RB'),
('a93', '201907', 2, 5686.54, '2019-09-05', 'RB'),
('a93', '201908', 7, 2865.49, '2019-10-05', 'RB'),
('a93', '201909', 1, 2949.83, '2019-11-07', 'RB'),
('a93', '201910', 9, 4048.68, '2019-12-01', 'RB'),
('a93', '201911', 12, 1569.77, '2020-01-08', 'RB'),
('a93', '201912', 12, 3021.60, '2020-02-07', 'RB'),
('a93', '202001', 10, 3364.00, '2020-02-04', 'VA'),
('a93', '202002', 5, 0.00, '2020-02-03', 'CR'),
('b13', '201801', 5, 2958.79, '2018-03-01', 'RB'),
('b13', '201802', 11, 4319.46, '2018-04-05', 'RB'),
('b13', '201803', 6, 3622.51, '2018-05-05', 'RB'),
('b13', '201804', 2, 2936.29, '2018-06-06', 'RB'),
('b13', '201805', 6, 4120.99, '2018-07-03', 'RB'),
('b13', '201806', 8, 3087.36, '2018-08-04', 'RB'),
('b13', '201807', 7, 2895.82, '2018-09-08', 'RB'),
('b13', '201808', 11, 3524.77, '2018-10-07', 'RB'),
('b13', '201809', 8, 3649.98, '2018-11-03', 'RB'),
('b13', '201810', 6, 3852.63, '2018-12-05', 'RB'),
('b13', '201811', 3, 3544.32, '2019-01-07', 'RB'),
('b13', '201812', 1, 2450.65, '2019-02-01', 'RB'),
('b13', '201901', 4, 4154.81, '2019-03-07', 'RB'),
('b13', '201902', 7, 4120.81, '2019-04-05', 'RB'),
('b13', '201903', 10, 3855.81, '2019-05-04', 'RB'),
('b13', '201904', 9, 4045.30, '2019-06-08', 'RB'),
('b13', '201905', 0, 4023.44, '2019-07-01', 'RB'),
('b13', '201906', 4, 2711.56, '2019-08-04', 'RB'),
('b13', '201907', 0, 4322.64, '2019-09-07', 'RB'),
('b13', '201908', 4, 2862.75, '2019-10-02', 'RB'),
('b13', '201909', 10, 3340.25, '2019-11-08', 'RB'),
('b13', '201910', 7, 4086.00, '2019-12-03', 'RB'),
('b13', '201911', 0, 4296.46, '2020-01-05', 'RB'),
('b13', '201912', 3, 2839.00, '2020-02-07', 'RB'),
('b13', '202001', 5, 4426.39, '2020-02-03', 'VA'),
('b13', '202002', 6, 0.00, '2020-02-04', 'CR'),
('b16', '201801', 6, 4534.11, '2018-03-03', 'RB'),
('b16', '201802', 12, 3330.03, '2018-04-02', 'RB'),
('b16', '201803', 1, 3717.65, '2018-05-06', 'RB'),
('b16', '201804', 8, 4950.46, '2018-06-02', 'RB'),
('b16', '201805', 6, 3306.19, '2018-07-02', 'RB'),
('b16', '201806', 4, 3371.02, '2018-08-04', 'RB'),
('b16', '201807', 0, 2860.86, '2018-09-06', 'RB'),
('b16', '201808', 11, 3539.90, '2018-10-08', 'RB'),
('b16', '201809', 3, 3454.75, '2018-11-04', 'RB'),
('b16', '201810', 2, 2738.08, '2018-12-02', 'RB'),
('b16', '201811', 7, 3275.38, '2019-01-07', 'RB'),
('b16', '201812', 2, 2885.43, '2019-02-08', 'RB'),
('b16', '201901', 5, 3716.69, '2019-03-02', 'RB'),
('b16', '201902', 9, 3353.01, '2019-04-06', 'RB'),
('b16', '201903', 0, 3467.69, '2019-05-07', 'RB'),
('b16', '201904', 7, 2622.40, '2019-06-01', 'RB'),
('b16', '201905', 8, 3425.04, '2019-07-01', 'RB'),
('b16', '201906', 1, 2319.39, '2019-08-02', 'RB'),
('b16', '201907', 8, 4727.03, '2019-09-03', 'RB'),
('b16', '201908', 5, 2872.13, '2019-10-01', 'RB'),
('b16', '201909', 2, 2788.94, '2019-11-06', 'RB'),
('b16', '201910', 0, 2671.72, '2019-12-03', 'RB'),
('b16', '201911', 9, 3573.71, '2020-01-03', 'RB'),
('b16', '201912', 9, 2315.46, '2020-02-07', 'RB'),
('b16', '202001', 3, 2861.72, '2020-02-03', 'VA'),
('b16', '202002', 10, 0.00, '2020-02-04', 'CR'),
('b19', '201801', 1, 3713.38, '2018-03-03', 'RB'),
('b19', '201802', 7, 2706.60, '2018-04-06', 'RB'),
('b19', '201803', 4, 2932.94, '2018-05-05', 'RB'),
('b19', '201804', 8, 3588.82, '2018-06-04', 'RB'),
('b19', '201805', 9, 2855.61, '2018-07-04', 'RB'),
('b19', '201806', 12, 2168.76, '2018-08-06', 'RB'),
('b19', '201807', 2, 4506.70, '2018-09-03', 'RB'),
('b19', '201808', 8, 3723.64, '2018-10-07', 'RB'),
('b19', '201809', 10, 2972.86, '2018-11-08', 'RB'),
('b19', '201810', 12, 3076.59, '2018-12-06', 'RB'),
('b19', '201811', 5, 2980.44, '2019-01-07', 'RB'),
('b19', '201812', 6, 2924.03, '2019-02-03', 'RB'),
('b19', '201901', 0, 2412.30, '2019-03-04', 'RB'),
('b19', '201902', 11, 1883.68, '2019-04-04', 'RB'),
('b19', '201903', 5, 2794.26, '2019-05-07', 'RB'),
('b19', '201904', 8, 2928.83, '2019-06-03', 'RB'),
('b19', '201905', 6, 2732.39, '2019-07-01', 'RB'),
('b19', '201906', 0, 2460.35, '2019-08-02', 'RB'),
('b19', '201907', 0, 2986.66, '2019-09-02', 'RB'),
('b19', '201908', 6, 3300.90, '2019-10-05', 'RB'),
('b19', '201909', 3, 3955.58, '2019-11-06', 'RB'),
('b19', '201910', 0, 2822.65, '2019-12-02', 'RB'),
('b19', '201911', 9, 3112.03, '2020-01-05', 'RB'),
('b19', '201912', 12, 1795.23, '2020-02-03', 'RB'),
('b19', '202001', 1, 4733.84, '2020-02-06', 'VA'),
('b19', '202002', 2, 0.00, '2020-02-08', 'CR'),
('b25', '201801', 3, 3011.45, '2018-03-06', 'RB'),
('b25', '201802', 11, 2822.73, '2018-04-06', 'RB'),
('b25', '201803', 5, 1571.40, '2018-05-06', 'RB'),
('b25', '201804', 12, 1376.61, '2018-06-03', 'RB'),
('b25', '201805', 10, 4451.05, '2018-07-07', 'RB'),
('b25', '201806', 9, 3246.57, '2018-08-07', 'RB'),
('b25', '201807', 11, 3437.37, '2018-09-01', 'RB'),
('b25', '201808', 10, 4473.59, '2018-10-04', 'RB'),
('b25', '201809', 9, 1439.18, '2018-11-04', 'RB'),
('b25', '201810', 8, 3604.25, '2018-12-02', 'RB'),
('b25', '201811', 12, 3878.28, '2019-01-07', 'RB'),
('b25', '201812', 12, 2492.13, '2019-02-04', 'RB'),
('b25', '201901', 2, 4011.23, '2019-03-03', 'RB'),
('b25', '201902', 12, 2387.14, '2019-04-03', 'RB'),
('b25', '201903', 7, 4144.07, '2019-05-06', 'RB'),
('b25', '201904', 4, 2889.39, '2019-06-06', 'RB'),
('b25', '201905', 8, 3626.25, '2019-07-03', 'RB'),
('b25', '201906', 7, 1391.43, '2019-08-06', 'RB'),
('b25', '201907', 9, 3651.37, '2019-09-06', 'RB'),
('b25', '201908', 10, 5443.37, '2019-10-01', 'RB'),
('b25', '201909', 12, 2862.96, '2019-11-06', 'RB'),
('b25', '201910', 4, 3980.18, '2019-12-04', 'RB'),
('b25', '201911', 2, 3121.02, '2020-01-07', 'RB'),
('b25', '201912', 12, 2836.99, '2020-02-05', 'RB'),
('b25', '202001', 11, 2999.74, '2020-02-07', 'VA'),
('b25', '202002', 1, 0.00, '2020-02-05', 'CR'),
('b28', '201801', 7, 3286.15, '2018-03-04', 'RB'),
('b28', '201802', 11, 2192.28, '2018-04-06', 'RB'),
('b28', '201803', 5, 3121.76, '2018-05-05', 'RB'),
('b28', '201804', 9, 1536.70, '2018-06-05', 'RB'),
('b28', '201805', 1, 2612.79, '2018-07-04', 'RB'),
('b28', '201806', 5, 3556.62, '2018-08-03', 'RB'),
('b28', '201807', 5, 4401.90, '2018-09-01', 'RB'),
('b28', '201808', 7, 2889.36, '2018-10-06', 'RB'),
('b28', '201809', 6, 3868.42, '2018-11-02', 'RB'),
('b28', '201810', 8, 2451.69, '2018-12-08', 'RB'),
('b28', '201811', 7, 1897.20, '2019-01-06', 'RB'),
('b28', '201812', 9, 2365.51, '2019-02-08', 'RB'),
('b28', '201901', 7, 3621.75, '2019-03-03', 'RB'),
('b28', '201902', 10, 1745.77, '2019-04-08', 'RB'),
('b28', '201903', 8, 2672.89, '2019-05-03', 'RB'),
('b28', '201904', 7, 3292.43, '2019-06-05', 'RB'),
('b28', '201905', 8, 1925.41, '2019-07-01', 'RB'),
('b28', '201906', 4, 3741.54, '2019-08-08', 'RB'),
('b28', '201907', 6, 2197.85, '2019-09-06', 'RB'),
('b28', '201908', 11, 4439.60, '2019-10-06', 'RB'),
('b28', '201909', 5, 1976.86, '2019-11-07', 'RB'),
('b28', '201910', 6, 2935.73, '2019-12-02', 'RB'),
('b28', '201911', 0, 2748.68, '2020-01-01', 'RB'),
('b28', '201912', 12, 2205.13, '2020-02-04', 'RB'),
('b28', '202001', 8, 2680.54, '2020-02-01', 'VA'),
('b28', '202002', 6, 0.00, '2020-02-03', 'CR'),
('b34', '201801', 10, 2676.70, '2018-03-01', 'RB'),
('b34', '201802', 1, 3494.18, '2018-04-05', 'RB'),
('b34', '201803', 8, 3615.73, '2018-05-03', 'RB'),
('b34', '201804', 6, 4683.87, '2018-06-04', 'RB'),
('b34', '201805', 9, 3095.98, '2018-07-08', 'RB'),
('b34', '201806', 5, 5192.63, '2018-08-02', 'RB'),
('b34', '201807', 8, 4472.95, '2018-09-07', 'RB'),
('b34', '201808', 2, 2321.31, '2018-10-03', 'RB'),
('b34', '201809', 11, 2395.08, '2018-11-03', 'RB'),
('b34', '201810', 7, 3975.52, '2018-12-06', 'RB'),
('b34', '201811', 8, 4272.72, '2019-01-05', 'RB'),
('b34', '201812', 2, 2797.27, '2019-02-04', 'RB'),
('b34', '201901', 2, 1891.08, '2019-03-07', 'RB'),
('b34', '201902', 8, 2243.02, '2019-04-07', 'RB'),
('b34', '201903', 5, 2252.07, '2019-05-06', 'RB'),
('b34', '201904', 7, 2300.28, '2019-06-03', 'RB'),
('b34', '201905', 5, 2413.91, '2019-07-05', 'RB'),
('b34', '201906', 6, 3114.24, '2019-08-07', 'RB'),
('b34', '201907', 5, 4972.98, '2019-09-05', 'RB'),
('b34', '201908', 0, 3231.17, '2019-10-08', 'RB'),
('b34', '201909', 12, 2683.40, '2019-11-03', 'RB'),
('b34', '201910', 4, 4137.81, '2019-12-07', 'RB'),
('b34', '201911', 0, 2820.59, '2020-01-02', 'RB'),
('b34', '201912', 8, 3725.88, '2020-02-06', 'RB'),
('b34', '202001', 2, 2644.12, '2020-02-01', 'VA'),
('b34', '202002', 11, 0.00, '2020-02-04', 'CR'),
('b4', '201801', 4, 2167.07, '2018-03-04', 'RB'),
('b4', '201802', 7, 2927.10, '2018-04-05', 'RB'),
('b4', '201803', 9, 1553.75, '2018-05-04', 'RB'),
('b4', '201804', 6, 4380.15, '2018-06-01', 'RB'),
('b4', '201805', 7, 3799.55, '2018-07-08', 'RB'),
('b4', '201806', 7, 2982.08, '2018-08-04', 'RB'),
('b4', '201807', 4, 3817.74, '2018-09-02', 'RB'),
('b4', '201808', 0, 3026.31, '2018-10-01', 'RB'),
('b4', '201809', 1, 2080.62, '2018-11-01', 'RB'),
('b4', '201810', 11, 4179.34, '2018-12-01', 'RB'),
('b4', '201811', 0, 4323.74, '2019-01-04', 'RB'),
('b4', '201812', 9, 3049.18, '2019-02-01', 'RB'),
('b4', '201901', 6, 2381.24, '2019-03-08', 'RB'),
('b4', '201902', 5, 3189.47, '2019-04-07', 'RB'),
('b4', '201903', 0, 3123.10, '2019-05-07', 'RB'),
('b4', '201904', 11, 2751.21, '2019-06-02', 'RB'),
('b4', '201905', 12, 5870.19, '2019-07-08', 'RB'),
('b4', '201906', 5, 2704.28, '2019-08-07', 'RB'),
('b4', '201907', 6, 2413.24, '2019-09-08', 'RB'),
('b4', '201908', 5, 4983.40, '2019-10-02', 'RB'),
('b4', '201909', 3, 3656.77, '2019-11-01', 'RB'),
('b4', '201910', 11, 4107.73, '2019-12-02', 'RB'),
('b4', '201911', 7, 1921.03, '2020-01-08', 'RB'),
('b4', '201912', 12, 4278.70, '2020-02-08', 'RB'),
('b4', '202001', 3, 3388.21, '2020-02-03', 'VA'),
('b4', '202002', 5, 0.00, '2020-02-05', 'CR'),
('b50', '201801', 8, 1763.96, '2018-03-08', 'RB'),
('b50', '201802', 1, 2937.96, '2018-04-02', 'RB'),
('b50', '201803', 7, 4947.59, '2018-05-02', 'RB'),
('b50', '201804', 12, 2901.37, '2018-06-03', 'RB'),
('b50', '201805', 11, 2832.18, '2018-07-06', 'RB'),
('b50', '201806', 0, 3146.22, '2018-08-08', 'RB'),
('b50', '201807', 12, 2499.90, '2018-09-02', 'RB'),
('b50', '201808', 5, 4337.55, '2018-10-04', 'RB'),
('b50', '201809', 9, 5546.83, '2018-11-06', 'RB'),
('b50', '201810', 4, 3609.07, '2018-12-05', 'RB'),
('b50', '201811', 4, 2350.80, '2019-01-05', 'RB'),
('b50', '201812', 4, 1863.09, '2019-02-04', 'RB'),
('b50', '201901', 4, 2809.72, '2019-03-02', 'RB'),
('b50', '201902', 6, 3027.42, '2019-04-01', 'RB'),
('b50', '201903', 1, 1980.75, '2019-05-04', 'RB'),
('b50', '201904', 5, 3443.82, '2019-06-07', 'RB'),
('b50', '201905', 10, 3010.38, '2019-07-03', 'RB'),
('b50', '201906', 12, 3724.38, '2019-08-03', 'RB'),
('b50', '201907', 12, 1641.53, '2019-09-08', 'RB'),
('b50', '201908', 7, 2477.05, '2019-10-07', 'RB'),
('b50', '201909', 8, 3222.67, '2019-11-03', 'RB'),
('b50', '201910', 3, 2449.11, '2019-12-04', 'RB'),
('b50', '201911', 6, 2939.07, '2020-01-02', 'RB'),
('b50', '201912', 1, 3049.60, '2020-02-04', 'RB'),
('b50', '202001', 4, 1556.62, '2020-02-04', 'VA'),
('b50', '202002', 12, 0.00, '2020-02-05', 'CR'),
('b59', '201801', 5, 3304.80, '2018-03-01', 'RB'),
('b59', '201802', 1, 4068.19, '2018-04-01', 'RB'),
('b59', '201803', 1, 4327.64, '2018-05-03', 'RB'),
('b59', '201804', 4, 2633.74, '2018-06-05', 'RB'),
('b59', '201805', 7, 4521.30, '2018-07-05', 'RB'),
('b59', '201806', 4, 1575.01, '2018-08-08', 'RB'),
('b59', '201807', 6, 1770.61, '2018-09-07', 'RB'),
('b59', '201808', 0, 2991.10, '2018-10-08', 'RB'),
('b59', '201809', 0, 3757.97, '2018-11-03', 'RB'),
('b59', '201810', 0, 3781.25, '2018-12-08', 'RB'),
('b59', '201811', 0, 5149.38, '2019-01-04', 'RB'),
('b59', '201812', 12, 4160.37, '2019-02-01', 'RB'),
('b59', '201901', 10, 2525.72, '2019-03-05', 'RB'),
('b59', '201902', 0, 1853.42, '2019-04-04', 'RB'),
('b59', '201903', 0, 4078.19, '2019-05-08', 'RB'),
('b59', '201904', 1, 4055.93, '2019-06-05', 'RB'),
('b59', '201905', 4, 4625.63, '2019-07-08', 'RB'),
('b59', '201906', 5, 2858.05, '2019-08-04', 'RB'),
('b59', '201907', 9, 2805.76, '2019-09-02', 'RB'),
('b59', '201908', 3, 2693.26, '2019-10-05', 'RB'),
('b59', '201909', 12, 3671.75, '2019-11-07', 'RB'),
('b59', '201910', 1, 2481.80, '2019-12-06', 'RB'),
('b59', '201911', 4, 4755.10, '2020-01-03', 'RB'),
('b59', '201912', 7, 3249.95, '2020-02-03', 'RB'),
('b59', '202001', 5, 3071.08, '2020-02-02', 'VA'),
('b59', '202002', 8, 0.00, '2020-02-05', 'CR'),
('c14', '201801', 10, 3240.35, '2018-03-08', 'RB'),
('c14', '201802', 3, 4801.99, '2018-04-03', 'RB'),
('c14', '201803', 2, 3266.16, '2018-05-01', 'RB'),
('c14', '201804', 5, 2514.00, '2018-06-07', 'RB'),
('c14', '201805', 11, 4156.44, '2018-07-07', 'RB'),
('c14', '201806', 0, 3962.22, '2018-08-04', 'RB'),
('c14', '201807', 5, 3355.79, '2018-09-08', 'RB'),
('c14', '201808', 12, 3296.24, '2018-10-05', 'RB'),
('c14', '201809', 8, 3321.75, '2018-11-06', 'RB'),
('c14', '201810', 1, 2709.32, '2018-12-05', 'RB'),
('c14', '201811', 8, 3878.37, '2019-01-04', 'RB'),
('c14', '201812', 3, 4272.27, '2019-02-08', 'RB'),
('c14', '201901', 6, 3269.74, '2019-03-08', 'RB'),
('c14', '201902', 5, 3787.96, '2019-04-04', 'RB'),
('c14', '201903', 4, 2092.43, '2019-05-06', 'RB'),
('c14', '201904', 11, 4332.52, '2019-06-03', 'RB'),
('c14', '201905', 1, 2178.74, '2019-07-04', 'RB'),
('c14', '201906', 5, 3891.91, '2019-08-01', 'RB'),
('c14', '201907', 12, 2537.64, '2019-09-03', 'RB'),
('c14', '201908', 4, 3202.40, '2019-10-01', 'RB'),
('c14', '201909', 12, 2673.96, '2019-11-04', 'RB'),
('c14', '201910', 6, 3705.68, '2019-12-01', 'RB'),
('c14', '201911', 8, 3371.24, '2020-01-06', 'RB'),
('c14', '201912', 4, 2746.98, '2020-02-08', 'RB'),
('c14', '202001', 6, 3515.11, '2020-02-05', 'VA'),
('c14', '202002', 5, 0.00, '2020-02-02', 'CR'),
('c3', '201801', 0, 4439.59, '2018-03-03', 'RB'),
('c3', '201802', 3, 3212.49, '2018-04-01', 'RB'),
('c3', '201803', 1, 3462.90, '2018-05-05', 'RB'),
('c3', '201804', 11, 1952.01, '2018-06-01', 'RB'),
('c3', '201805', 2, 2181.69, '2018-07-05', 'RB'),
('c3', '201806', 5, 3741.52, '2018-08-05', 'RB'),
('c3', '201807', 9, 2713.53, '2018-09-07', 'RB'),
('c3', '201808', 6, 3564.51, '2018-10-01', 'RB'),
('c3', '201809', 6, 3072.00, '2018-11-04', 'RB'),
('c3', '201810', 10, 3701.60, '2018-12-01', 'RB'),
('c3', '201811', 4, 4185.40, '2019-01-08', 'RB'),
('c3', '201812', 10, 3714.53, '2019-02-01', 'RB'),
('c3', '201901', 7, 3385.08, '2019-03-03', 'RB'),
('c3', '201902', 1, 2986.57, '2019-04-02', 'RB'),
('c3', '201903', 5, 2197.05, '2019-05-04', 'RB'),
('c3', '201904', 8, 2564.62, '2019-06-01', 'RB'),
('c3', '201905', 11, 4447.51, '2019-07-03', 'RB'),
('c3', '201906', 8, 2168.11, '2019-08-04', 'RB'),
('c3', '201907', 5, 3920.41, '2019-09-05', 'RB'),
('c3', '201908', 11, 3939.90, '2019-10-05', 'RB'),
('c3', '201909', 7, 2177.85, '2019-11-07', 'RB'),
('c3', '201910', 5, 3191.50, '2019-12-03', 'RB'),
('c3', '201911', 8, 1986.25, '2020-01-08', 'RB'),
('c3', '201912', 1, 3730.66, '2020-02-03', 'RB'),
('c3', '202001', 0, 4794.29, '2020-02-04', 'VA'),
('c3', '202002', 7, 0.00, '2020-02-01', 'CR'),
('c54', '201801', 10, 3709.96, '2018-03-04', 'RB'),
('c54', '201802', 3, 2208.25, '2018-04-07', 'RB'),
('c54', '201803', 6, 1874.47, '2018-05-03', 'RB'),
('c54', '201804', 1, 3043.03, '2018-06-01', 'RB'),
('c54', '201805', 11, 1552.45, '2018-07-04', 'RB'),
('c54', '201806', 0, 2491.48, '2018-08-07', 'RB'),
('c54', '201807', 6, 2572.16, '2018-09-03', 'RB'),
('c54', '201808', 8, 3544.50, '2018-10-03', 'RB'),
('c54', '201809', 9, 2634.21, '2018-11-06', 'RB'),
('c54', '201810', 6, 3045.76, '2018-12-02', 'RB'),
('c54', '201811', 0, 4034.82, '2019-01-08', 'RB'),
('c54', '201812', 2, 2816.25, '2019-02-03', 'RB'),
('c54', '201901', 1, 4366.38, '2019-03-04', 'RB'),
('c54', '201902', 6, 1869.64, '2019-04-01', 'RB'),
('c54', '201903', 6, 4302.51, '2019-05-02', 'RB'),
('c54', '201904', 10, 3856.26, '2019-06-01', 'RB'),
('c54', '201905', 9, 3875.09, '2019-07-05', 'RB'),
('c54', '201906', 9, 1124.67, '2019-08-06', 'RB'),
('c54', '201907', 7, 2311.64, '2019-09-04', 'RB'),
('c54', '201908', 8, 1710.49, '2019-10-07', 'RB'),
('c54', '201909', 7, 4185.58, '2019-11-05', 'RB'),
('c54', '201910', 5, 4717.55, '2019-12-07', 'RB'),
('c54', '201911', 10, 2523.23, '2020-01-03', 'RB'),
('c54', '201912', 7, 3390.11, '2020-02-06', 'RB'),
('c54', '202001', 8, 5052.21, '2020-02-07', 'VA'),
('c54', '202002', 0, 0.00, '2020-02-04', 'CR'),
('d13', '201801', 9, 1634.67, '2018-03-06', 'RB'),
('d13', '201802', 11, 3145.55, '2018-04-08', 'RB'),
('d13', '201803', 3, 4433.79, '2018-05-06', 'RB'),
('d13', '201804', 3, 4051.94, '2018-06-05', 'RB'),
('d13', '201805', 5, 1593.31, '2018-07-07', 'RB'),
('d13', '201806', 7, 5542.48, '2018-08-07', 'RB'),
('d13', '201807', 9, 2451.62, '2018-09-06', 'RB'),
('d13', '201808', 7, 3280.74, '2018-10-01', 'RB'),
('d13', '201809', 4, 5112.04, '2018-11-02', 'RB'),
('d13', '201810', 11, 4370.33, '2018-12-07', 'RB'),
('d13', '201811', 5, 3151.10, '2019-01-06', 'RB'),
('d13', '201812', 1, 3900.01, '2019-02-01', 'RB'),
('d13', '201901', 10, 3330.04, '2019-03-01', 'RB'),
('d13', '201902', 10, 2895.72, '2019-04-05', 'RB'),
('d13', '201903', 0, 3455.87, '2019-05-01', 'RB'),
('d13', '201904', 3, 3631.68, '2019-06-06', 'RB'),
('d13', '201905', 5, 3635.33, '2019-07-06', 'RB'),
('d13', '201906', 8, 4102.54, '2019-08-06', 'RB'),
('d13', '201907', 8, 3299.88, '2019-09-07', 'RB'),
('d13', '201908', 0, 4597.70, '2019-10-03', 'RB'),
('d13', '201909', 3, 1772.80, '2019-11-08', 'RB'),
('d13', '201910', 11, 6017.30, '2019-12-07', 'RB'),
('d13', '201911', 1, 3131.51, '2020-01-06', 'RB'),
('d13', '201912', 3, 2576.47, '2020-02-03', 'RB'),
('d13', '202001', 9, 2643.44, '2020-02-06', 'VA'),
('d13', '202002', 7, 0.00, '2020-02-03', 'CR'),
('d51', '201801', 2, 3252.22, '2018-03-05', 'RB'),
('d51', '201802', 8, 1917.68, '2018-04-01', 'RB'),
('d51', '201803', 0, 3791.73, '2018-05-07', 'RB'),
('d51', '201804', 0, 3106.60, '2018-06-01', 'RB'),
('d51', '201805', 6, 2240.99, '2018-07-05', 'RB'),
('d51', '201806', 2, 1437.64, '2018-08-01', 'RB'),
('d51', '201807', 10, 3219.99, '2018-09-06', 'RB'),
('d51', '201808', 12, 4090.54, '2018-10-01', 'RB'),
('d51', '201809', 5, 3203.38, '2018-11-04', 'RB'),
('d51', '201810', 6, 2406.13, '2018-12-02', 'RB'),
('d51', '201811', 12, 2417.35, '2019-01-03', 'RB'),
('d51', '201812', 12, 3952.25, '2019-02-03', 'RB'),
('d51', '201901', 10, 3399.32, '2019-03-03', 'RB'),
('d51', '201902', 10, 2435.58, '2019-04-03', 'RB'),
('d51', '201903', 12, 3004.82, '2019-05-01', 'RB'),
('d51', '201904', 4, 3684.63, '2019-06-02', 'RB'),
('d51', '201905', 1, 2706.00, '2019-07-07', 'RB'),
('d51', '201906', 12, 1740.32, '2019-08-07', 'RB'),
('d51', '201907', 10, 2255.47, '2019-09-08', 'RB'),
('d51', '201908', 11, 3208.51, '2019-10-04', 'RB'),
('d51', '201909', 7, 1607.32, '2019-11-01', 'RB'),
('d51', '201910', 9, 2966.56, '2019-12-07', 'RB'),
('d51', '201911', 8, 2365.86, '2020-01-05', 'RB'),
('d51', '201912', 9, 3144.96, '2020-02-03', 'RB'),
('d51', '202001', 2, 2094.08, '2020-02-05', 'VA'),
('d51', '202002', 9, 0.00, '2020-02-04', 'CR'),
('e22', '201801', 11, 2871.01, '2018-03-02', 'RB'),
('e22', '201802', 7, 3642.04, '2018-04-07', 'RB'),
('e22', '201803', 1, 2031.19, '2018-05-08', 'RB'),
('e22', '201804', 0, 2488.75, '2018-06-06', 'RB'),
('e22', '201805', 7, 2333.95, '2018-07-07', 'RB'),
('e22', '201806', 9, 3789.18, '2018-08-05', 'RB'),
('e22', '201807', 12, 2678.70, '2018-09-08', 'RB'),
('e22', '201808', 11, 4099.91, '2018-10-08', 'RB'),
('e22', '201809', 0, 1794.80, '2018-11-05', 'RB'),
('e22', '201810', 10, 3246.67, '2018-12-08', 'RB'),
('e22', '201811', 7, 3801.58, '2019-01-08', 'RB'),
('e22', '201812', 9, 3044.95, '2019-02-01', 'RB'),
('e22', '201901', 1, 3811.87, '2019-03-04', 'RB'),
('e22', '201902', 4, 2886.84, '2019-04-04', 'RB'),
('e22', '201903', 1, 3030.55, '2019-05-07', 'RB'),
('e22', '201904', 1, 1959.75, '2019-06-04', 'RB'),
('e22', '201905', 10, 3281.58, '2019-07-05', 'RB'),
('e22', '201906', 5, 4075.51, '2019-08-04', 'RB'),
('e22', '201907', 4, 3502.01, '2019-09-06', 'RB'),
('e22', '201908', 9, 2326.96, '2019-10-04', 'RB'),
('e22', '201909', 5, 4688.03, '2019-11-08', 'RB'),
('e22', '201910', 8, 2978.92, '2019-12-04', 'RB'),
('e22', '201911', 8, 2613.22, '2020-01-01', 'RB'),
('e22', '201912', 3, 2021.13, '2020-02-02', 'RB'),
('e22', '202001', 0, 1937.96, '2020-02-06', 'VA'),
('e22', '202002', 6, 0.00, '2020-02-02', 'CR'),
('e24', '201801', 5, 3547.29, '2018-03-05', 'RB'),
('e24', '201802', 2, 3795.65, '2018-04-03', 'RB'),
('e24', '201803', 4, 3858.02, '2018-05-04', 'RB'),
('e24', '201804', 12, 2731.98, '2018-06-04', 'RB'),
('e24', '201805', 11, 3477.94, '2018-07-06', 'RB'),
('e24', '201806', 1, 3656.18, '2018-08-06', 'RB'),
('e24', '201807', 2, 4225.26, '2018-09-03', 'RB'),
('e24', '201808', 4, 2519.98, '2018-10-06', 'RB'),
('e24', '201809', 0, 2284.71, '2018-11-02', 'RB'),
('e24', '201810', 12, 3523.59, '2018-12-07', 'RB'),
('e24', '201811', 11, 2842.90, '2019-01-07', 'RB'),
('e24', '201812', 1, 2967.94, '2019-02-08', 'RB'),
('e24', '201901', 3, 2448.29, '2019-03-06', 'RB'),
('e24', '201902', 1, 2317.31, '2019-04-06', 'RB'),
('e24', '201903', 10, 3149.99, '2019-05-05', 'RB'),
('e24', '201904', 0, 2894.76, '2019-06-03', 'RB'),
('e24', '201905', 0, 3957.60, '2019-07-06', 'RB'),
('e24', '201906', 4, 1933.61, '2019-08-06', 'RB'),
('e24', '201907', 5, 3229.48, '2019-09-05', 'RB'),
('e24', '201908', 2, 4186.59, '2019-10-01', 'RB'),
('e24', '201909', 4, 3573.19, '2019-11-07', 'RB'),
('e24', '201910', 7, 2383.01, '2019-12-04', 'RB'),
('e24', '201911', 2, 4324.84, '2020-01-07', 'RB'),
('e24', '201912', 12, 3744.07, '2020-02-07', 'RB'),
('e24', '202001', 2, 2484.78, '2020-02-07', 'VA'),
('e24', '202002', 2, 0.00, '2020-02-04', 'CR'),
('e39', '201801', 12, 2898.03, '2018-03-03', 'RB'),
('e39', '201802', 1, 1904.46, '2018-04-05', 'RB'),
('e39', '201803', 5, 3743.32, '2018-05-08', 'RB'),
('e39', '201804', 1, 3625.78, '2018-06-02', 'RB'),
('e39', '201805', 12, 4209.59, '2018-07-06', 'RB'),
('e39', '201806', 8, 2263.45, '2018-08-01', 'RB'),
('e39', '201807', 4, 980.06, '2018-09-06', 'RB'),
('e39', '201808', 6, 3210.84, '2018-10-06', 'RB'),
('e39', '201809', 3, 2516.54, '2018-11-06', 'RB'),
('e39', '201810', 7, 3499.10, '2018-12-02', 'RB'),
('e39', '201811', 10, 1894.90, '2019-01-02', 'RB'),
('e39', '201812', 9, 3317.76, '2019-02-08', 'RB'),
('e39', '201901', 7, 3120.25, '2019-03-08', 'RB'),
('e39', '201902', 2, 3640.74, '2019-04-03', 'RB'),
('e39', '201903', 4, 4535.33, '2019-05-01', 'RB'),
('e39', '201904', 3, 2211.40, '2019-06-01', 'RB'),
('e39', '201905', 8, 5536.32, '2019-07-03', 'RB'),
('e39', '201906', 4, 1432.31, '2019-08-01', 'RB'),
('e39', '201907', 10, 3232.74, '2019-09-01', 'RB'),
('e39', '201908', 4, 3132.01, '2019-10-04', 'RB'),
('e39', '201909', 1, 3917.83, '2019-11-03', 'RB'),
('e39', '201910', 1, 4207.44, '2019-12-01', 'RB'),
('e39', '201911', 8, 3394.69, '2020-01-04', 'RB'),
('e39', '201912', 3, 3237.72, '2020-02-04', 'RB'),
('e39', '202001', 6, 3623.18, '2020-02-05', 'VA'),
('e39', '202002', 2, 0.00, '2020-02-04', 'CR'),
('e49', '201801', 8, 3287.81, '2018-03-05', 'RB'),
('e49', '201802', 9, 3937.73, '2018-04-05', 'RB'),
('e49', '201803', 9, 3766.10, '2018-05-01', 'RB'),
('e49', '201804', 11, 2556.37, '2018-06-07', 'RB'),
('e49', '201805', 10, 2825.28, '2018-07-06', 'RB'),
('e49', '201806', 6, 4889.16, '2018-08-04', 'RB'),
('e49', '201807', 0, 4093.71, '2018-09-02', 'RB'),
('e49', '201808', 0, 4851.89, '2018-10-04', 'RB'),
('e49', '201809', 6, 2908.75, '2018-11-02', 'RB'),
('e49', '201810', 9, 4201.55, '2018-12-07', 'RB'),
('e49', '201811', 1, 4494.14, '2019-01-04', 'RB'),
('e49', '201812', 2, 3485.22, '2019-02-05', 'RB'),
('e49', '201901', 12, 3455.67, '2019-03-07', 'RB'),
('e49', '201902', 7, 3216.54, '2019-04-04', 'RB'),
('e49', '201903', 7, 3112.65, '2019-05-06', 'RB'),
('e49', '201904', 10, 2373.19, '2019-06-01', 'RB'),
('e49', '201905', 2, 1961.05, '2019-07-06', 'RB'),
('e49', '201906', 3, 3527.19, '2019-08-03', 'RB'),
('e49', '201907', 10, 3157.31, '2019-09-02', 'RB'),
('e49', '201908', 4, 3476.13, '2019-10-03', 'RB'),
('e49', '201909', 7, 4682.74, '2019-11-03', 'RB'),
('e49', '201910', 4, 2794.58, '2019-12-01', 'RB'),
('e49', '201911', 12, 3513.79, '2020-01-04', 'RB'),
('e49', '201912', 4, 3845.10, '2020-02-05', 'RB'),
('e49', '202001', 11, 2858.76, '2020-02-06', 'VA'),
('e49', '202002', 11, 0.00, '2020-02-04', 'CR'),
('e5', '201801', 7, 4699.90, '2018-03-07', 'RB'),
('e5', '201802', 8, 3073.81, '2018-04-06', 'RB'),
('e5', '201803', 4, 2009.59, '2018-05-03', 'RB'),
('e5', '201804', 3, 1898.92, '2018-06-03', 'RB'),
('e5', '201805', 6, 6418.07, '2018-07-01', 'RB'),
('e5', '201806', 7, 3310.36, '2018-08-08', 'RB'),
('e5', '201807', 11, 2973.70, '2018-09-08', 'RB'),
('e5', '201808', 11, 3386.26, '2018-10-04', 'RB'),
('e5', '201809', 3, 4527.51, '2018-11-03', 'RB'),
('e5', '201810', 3, 1689.43, '2018-12-07', 'RB'),
('e5', '201811', 10, 3562.40, '2019-01-08', 'RB'),
('e5', '201812', 1, 2348.69, '2019-02-02', 'RB'),
('e5', '201901', 2, 3268.15, '2019-03-04', 'RB'),
('e5', '201902', 2, 4214.69, '2019-04-05', 'RB'),
('e5', '201903', 5, 3097.75, '2019-05-06', 'RB'),
('e5', '201904', 0, 3742.40, '2019-06-08', 'RB'),
('e5', '201905', 8, 2408.80, '2019-07-08', 'RB'),
('e5', '201906', 12, 2134.93, '2019-08-04', 'RB'),
('e5', '201907', 2, 2825.12, '2019-09-05', 'RB'),
('e5', '201908', 10, 1807.08, '2019-10-02', 'RB'),
('e5', '201909', 6, 3527.76, '2019-11-01', 'RB'),
('e5', '201910', 11, 4858.74, '2019-12-08', 'RB'),
('e5', '201911', 5, 1782.44, '2020-01-02', 'RB'),
('e5', '201912', 8, 3090.61, '2020-02-03', 'RB'),
('e5', '202001', 8, 3256.60, '2020-02-03', 'VA'),
('e5', '202002', 3, 0.00, '2020-02-01', 'CR'),
('e52', '201801', 7, 1391.86, '2018-03-07', 'RB'),
('e52', '201802', 7, 3732.09, '2018-04-05', 'RB'),
('e52', '201803', 12, 2958.13, '2018-05-08', 'RB'),
('e52', '201804', 1, 2983.76, '2018-06-04', 'RB'),
('e52', '201805', 8, 3920.81, '2018-07-06', 'RB'),
('e52', '201806', 5, 4406.09, '2018-08-08', 'RB'),
('e52', '201807', 12, 2082.12, '2018-09-07', 'RB'),
('e52', '201808', 2, 3078.41, '2018-10-01', 'RB'),
('e52', '201809', 0, 1919.70, '2018-11-08', 'RB'),
('e52', '201810', 5, 2684.92, '2018-12-06', 'RB'),
('e52', '201811', 11, 2290.85, '2019-01-06', 'RB'),
('e52', '201812', 1, 3868.25, '2019-02-02', 'RB'),
('e52', '201901', 12, 2632.08, '2019-03-01', 'RB'),
('e52', '201902', 1, 3030.30, '2019-04-06', 'RB'),
('e52', '201903', 12, 1754.70, '2019-05-08', 'RB'),
('e52', '201904', 9, 1758.92, '2019-06-04', 'RB'),
('e52', '201905', 10, 3955.20, '2019-07-08', 'RB'),
('e52', '201906', 2, 3068.52, '2019-08-06', 'RB'),
('e52', '201907', 0, 3851.03, '2019-09-05', 'RB'),
('e52', '201908', 2, 3177.71, '2019-10-02', 'RB'),
('e52', '201909', 4, 2933.31, '2019-11-04', 'RB'),
('e52', '201910', 4, 1316.61, '2019-12-04', 'RB'),
('e52', '201911', 11, 3455.51, '2020-01-03', 'RB'),
('e52', '201912', 10, 2610.18, '2020-02-08', 'RB'),
('e52', '202001', 11, 4932.83, '2020-02-06', 'VA'),
('e52', '202002', 2, 0.00, '2020-02-05', 'CR'),
('f21', '201801', 12, 3628.13, '2018-03-07', 'RB'),
('f21', '201802', 2, 1247.02, '2018-04-05', 'RB'),
('f21', '201803', 11, 2789.13, '2018-05-04', 'RB'),
('f21', '201804', 5, 4098.26, '2018-06-02', 'RB'),
('f21', '201805', 1, 2661.65, '2018-07-08', 'RB'),
('f21', '201806', 11, 1960.22, '2018-08-05', 'RB'),
('f21', '201807', 7, 4508.68, '2018-09-04', 'RB'),
('f21', '201808', 4, 3222.94, '2018-10-06', 'RB'),
('f21', '201809', 6, 2042.28, '2018-11-03', 'RB'),
('f21', '201810', 11, 2873.77, '2018-12-07', 'RB'),
('f21', '201811', 4, 4174.48, '2019-01-04', 'RB'),
('f21', '201812', 9, 3746.48, '2019-02-07', 'RB'),
('f21', '201901', 6, 3174.85, '2019-03-07', 'RB'),
('f21', '201902', 9, 4212.58, '2019-04-06', 'RB'),
('f21', '201903', 1, 3667.55, '2019-05-02', 'RB'),
('f21', '201904', 8, 3426.95, '2019-06-01', 'RB'),
('f21', '201905', 8, 3323.33, '2019-07-06', 'RB'),
('f21', '201906', 6, 2203.70, '2019-08-08', 'RB'),
('f21', '201907', 12, 1262.89, '2019-09-06', 'RB'),
('f21', '201908', 0, 3342.49, '2019-10-05', 'RB'),
('f21', '201909', 7, 2910.42, '2019-11-05', 'RB'),
('f21', '201910', 10, 2518.47, '2019-12-07', 'RB'),
('f21', '201911', 8, 3967.50, '2020-01-03', 'RB'),
('f21', '201912', 2, 2314.62, '2020-02-07', 'RB'),
('f21', '202001', 12, 3715.70, '2020-02-02', 'VA'),
('f21', '202002', 2, 0.00, '2020-02-03', 'CR'),
('f39', '201801', 11, 2077.12, '2018-03-06', 'RB'),
('f39', '201802', 4, 3449.91, '2018-04-08', 'RB'),
('f39', '201803', 12, 4443.83, '2018-05-07', 'RB'),
('f39', '201804', 8, 1848.85, '2018-06-05', 'RB'),
('f39', '201805', 11, 4301.55, '2018-07-07', 'RB'),
('f39', '201806', 6, 2142.48, '2018-08-07', 'RB'),
('f39', '201807', 4, 3642.65, '2018-09-06', 'RB'),
('f39', '201808', 11, 3327.23, '2018-10-04', 'RB'),
('f39', '201809', 3, 3660.37, '2018-11-03', 'RB'),
('f39', '201810', 3, 2527.13, '2018-12-05', 'RB'),
('f39', '201811', 7, 3020.64, '2019-01-04', 'RB'),
('f39', '201812', 9, 3259.63, '2019-02-06', 'RB'),
('f39', '201901', 11, 2325.16, '2019-03-05', 'RB'),
('f39', '201902', 5, 2885.09, '2019-04-01', 'RB'),
('f39', '201903', 4, 3494.06, '2019-05-01', 'RB'),
('f39', '201904', 9, 2371.31, '2019-06-04', 'RB'),
('f39', '201905', 8, 2949.74, '2019-07-06', 'RB'),
('f39', '201906', 11, 5088.41, '2019-08-05', 'RB'),
('f39', '201907', 10, 4288.28, '2019-09-07', 'RB'),
('f39', '201908', 11, 3676.11, '2019-10-06', 'RB'),
('f39', '201909', 9, 3599.03, '2019-11-01', 'RB'),
('f39', '201910', 12, 3297.87, '2019-12-05', 'RB'),
('f39', '201911', 12, 2912.40, '2020-01-04', 'RB'),
('f39', '201912', 3, 2833.59, '2020-02-06', 'RB'),
('f39', '202001', 9, 1872.31, '2020-02-01', 'VA'),
('f39', '202002', 10, 0.00, '2020-02-05', 'CR'),
('f4', '201801', 9, 2736.49, '2018-03-02', 'RB'),
('f4', '201802', 4, 4224.92, '2018-04-04', 'RB'),
('f4', '201803', 8, 3492.76, '2018-05-07', 'RB'),
('f4', '201804', 2, 3279.30, '2018-06-03', 'RB'),
('f4', '201805', 10, 2561.31, '2018-07-05', 'RB'),
('f4', '201806', 4, 3359.60, '2018-08-07', 'RB'),
('f4', '201807', 8, 4200.68, '2018-09-01', 'RB'),
('f4', '201808', 1, 2613.45, '2018-10-04', 'RB'),
('f4', '201809', 12, 2984.44, '2018-11-06', 'RB'),
('f4', '201810', 8, 3710.73, '2018-12-04', 'RB'),
('f4', '201811', 12, 3966.72, '2019-01-05', 'RB'),
('f4', '201812', 1, 4143.05, '2019-02-05', 'RB'),
('f4', '201901', 2, 4046.98, '2019-03-01', 'RB'),
('f4', '201902', 1, 3737.18, '2019-04-02', 'RB'),
('f4', '201903', 1, 3551.46, '2019-05-05', 'RB'),
('f4', '201904', 4, 3728.11, '2019-06-07', 'RB'),
('f4', '201905', 9, 1470.71, '2019-07-03', 'RB'),
('f4', '201906', 5, 3736.18, '2019-08-04', 'RB'),
('f4', '201907', 3, 1510.30, '2019-09-08', 'RB'),
('f4', '201908', 0, 3683.32, '2019-10-03', 'RB'),
('f4', '201909', 11, 3512.31, '2019-11-04', 'RB'),
('f4', '201910', 8, 3427.08, '2019-12-03', 'RB'),
('f4', '201911', 6, 4639.27, '2020-01-06', 'RB'),
('f4', '201912', 7, 2490.62, '2020-02-04', 'RB'),
('f4', '202001', 6, 3149.11, '2020-02-02', 'VA'),
('f4', '202002', 9, 4509.40, '2020-05-06', 'CL'),
('f4', '202005', 0, 0.00, '2020-11-13', 'CL'),
('f4', '202011', 0, 2770.00, '2021-04-08', 'CL'),
('f4', '202104', 0, 0.00, '2021-04-08', 'CR');

-- --------------------------------------------------------

--
-- Structure de la table `fraisforfait`
--

CREATE TABLE `fraisforfait` (
  `idFraisForfait` char(3) NOT NULL,
  `libelle` char(20) DEFAULT NULL,
  `montant` decimal(5,2) DEFAULT NULL
) ENGINE=InnoDB DEFAULT CHARSET=utf8mb4 COLLATE=utf8mb4_general_ci;

--
-- Déchargement des données de la table `fraisforfait`
--

INSERT INTO `fraisforfait` (`idFraisForfait`, `libelle`, `montant`) VALUES
('ETP', 'Forfait Etape', 110.00),
('KM', 'Frais Kilométrique', 0.62),
('NUI', 'Nuitée Hôtel', 80.00),
('REP', 'Repas Restaurant', 25.00);

-- --------------------------------------------------------

--
-- Structure de la table `infirmier`
--

CREATE TABLE `infirmier` (
  `idInfirmier` char(5) NOT NULL
) ENGINE=InnoDB DEFAULT CHARSET=utf8mb4 COLLATE=utf8mb4_general_ci;

--
-- Déchargement des données de la table `infirmier`
--

INSERT INTO `infirmier` (`idInfirmier`) VALUES
('Pi001'),
('Pi005'),
('Pi011'),
('Pi012'),
('Pi016'),
('Pi018'),
('Pi020');

-- --------------------------------------------------------

--
-- Structure de la table `lignefraisforfait`
--

CREATE TABLE `lignefraisforfait` (
  `idVisiteur` char(4) NOT NULL,
  `mois` char(6) NOT NULL,
  `idFraisForfait` char(3) NOT NULL,
  `quantite` int(11) DEFAULT NULL
) ENGINE=InnoDB DEFAULT CHARSET=utf8mb4 COLLATE=utf8mb4_general_ci;

--
-- Déchargement des données de la table `lignefraisforfait`
--

INSERT INTO `lignefraisforfait` (`idVisiteur`, `mois`, `idFraisForfait`, `quantite`) VALUES
('a131', '202403', 'ETP', 0),
('a131', '202403', 'KM', 0),
('a131', '202403', 'NUI', 0),
('a131', '202403', 'REP', 0),
('a17', '202311', 'ETP', 10),
('a17', '202311', 'KM', 11),
('a17', '202311', 'NUI', 50),
('a17', '202311', 'REP', 4),
('a17', '202312', 'ETP', 45),
('a17', '202312', 'KM', 0),
('a17', '202312', 'NUI', 0),
('a17', '202312', 'REP', 0),
('a17', '202403', 'ETP', 0),
('a17', '202403', 'KM', 0),
('a17', '202403', 'NUI', 0),
('a17', '202403', 'REP', 0);

-- --------------------------------------------------------

--
-- Structure de la table `lignefraishorsforfait`
--

CREATE TABLE `lignefraishorsforfait` (
  `idLigneFraisForfait` int(11) NOT NULL,
  `idVisiteur` char(4) NOT NULL,
  `mois` char(6) NOT NULL,
  `libelle` varchar(100) DEFAULT NULL,
  `date` date DEFAULT NULL,
  `montant` decimal(10,2) DEFAULT NULL
) ENGINE=InnoDB DEFAULT CHARSET=utf8mb4 COLLATE=utf8mb4_general_ci;

--
-- Déchargement des données de la table `lignefraishorsforfait`
--

INSERT INTO `lignefraishorsforfait` (`idLigneFraisForfait`, `idVisiteur`, `mois`, `libelle`, `date`, `montant`) VALUES
(1, 'a131', '201801', 'location salle conférence', '2018-01-04', 254.00),
(2, 'a131', '201802', 'location salle conférence', '2018-02-11', 549.00),
(3, 'a131', '201803', 'location salle conférence', '2018-03-13', 133.00),
(4, 'a131', '201803', 'location équipement vidéo/sonore', '2018-03-17', 397.00),
(5, 'a131', '201804', 'location véhicule', '2018-04-15', 418.00),
(6, 'a131', '201804', 'repas avec praticien', '2018-04-21', 47.00),
(7, 'a131', '201804', 'location équipement vidéo/sonore', '2018-04-08', 314.00),
(8, 'a131', '201805', 'frais vestimentaire/représentation', '2018-05-03', 151.00),
(9, 'a131', '201806', 'achat de matériel de papèterie', '2018-06-17', 38.00),
(10, 'a131', '201806', 'Voyage SNCF', '2018-06-25', 138.00),
(11, 'a131', '201806', 'location véhicule', '2018-06-04', 94.00),
(12, 'a131', '201807', 'location équipement vidéo/sonore', '2018-07-26', 320.00),
(13, 'a131', '201807', 'location véhicule', '2018-07-14', 307.00),
(14, 'a131', '201808', 'taxi', '2018-08-23', 51.00),
(15, 'a131', '201808', 'location salle conférence', '2018-08-27', 219.00),
(16, 'a131', '201808', 'location équipement vidéo/sonore', '2018-08-08', 307.00),
(17, 'a131', '201809', 'repas avec praticien', '2018-09-18', 34.00),
(18, 'a131', '201810', 'location véhicule', '2018-10-23', 307.00),
(19, 'a131', '201811', 'Voyage SNCF', '2018-11-24', 107.00),
(20, 'a131', '201812', 'repas avec praticien', '2018-12-18', 50.00),
(21, 'a131', '201812', 'location équipement vidéo/sonore', '2018-12-09', 510.00),
(22, 'a131', '201901', 'Voyage SNCF', '2019-01-27', 121.00),
(23, 'a131', '201901', 'frais vestimentaire/représentation', '2019-01-09', 180.00),
(24, 'a131', '201901', 'location salle conférence', '2019-01-21', 634.00),
(25, 'a131', '201902', 'taxi', '2019-02-07', 35.00),
(26, 'a131', '201902', 'rémunération intervenant/spécialiste', '2019-02-05', 987.00),
(27, 'a131', '201902', 'Voyage SNCF', '2019-02-26', 72.00),
(28, 'a131', '201903', 'taxi', '2019-03-07', 46.00),
(29, 'a131', '201903', 'location salle conférence', '2019-03-19', 255.00),
(30, 'a131', '201904', 'achat de matériel de papèterie', '2019-04-18', 47.00),
(31, 'a131', '201905', 'taxi', '2019-05-26', 42.00),
(32, 'a131', '201905', 'taxi', '2019-05-25', 80.00),
(33, 'a131', '201905', 'taxi', '2019-05-13', 22.00),
(34, 'a131', '201906', 'repas avec praticien', '2019-06-08', 31.00),
(35, 'a131', '201906', 'frais vestimentaire/représentation', '2019-06-09', 417.00),
(36, 'a131', '201906', 'location équipement vidéo/sonore', '2019-06-21', 693.00),
(37, 'a131', '201906', 'location salle conférence', '2019-06-08', 151.00),
(38, 'a131', '201906', 'repas avec praticien', '2019-06-17', 46.00),
(39, 'a131', '201907', 'traiteur, alimentation, boisson', '2019-07-18', 225.00),
(40, 'a131', '201907', 'traiteur, alimentation, boisson', '2019-07-14', 427.00),
(41, 'a131', '201907', 'rémunération intervenant/spécialiste', '2019-07-04', 1164.00),
(42, 'a131', '201907', 'taxi', '2019-07-27', 72.00),
(43, 'a131', '201907', 'achat de matériel de papèterie', '2019-07-24', 48.00),
(44, 'a131', '201908', 'location véhicule', '2019-08-17', 298.00),
(45, 'a131', '201908', 'location salle conférence', '2019-08-08', 508.00),
(46, 'a131', '201908', 'taxi', '2019-08-26', 20.00),
(47, 'a131', '201908', 'frais vestimentaire/représentation', '2019-08-25', 219.00),
(48, 'a131', '201908', 'frais vestimentaire/représentation', '2019-08-12', 121.00),
(49, 'a131', '201908', 'location salle conférence', '2019-08-23', 624.00),
(50, 'a131', '201909', 'achat de matériel de papèterie', '2019-09-28', 47.00),
(51, 'a131', '201909', 'achat de matériel de papèterie', '2019-09-10', 15.00),
(52, 'a131', '201909', 'location salle conférence', '2019-09-07', 622.00),
(53, 'a131', '201910', 'location salle conférence', '2019-10-25', 456.00),
(54, 'a131', '201910', 'repas avec praticien', '2019-10-05', 45.00),
(55, 'a131', '201910', 'location équipement vidéo/sonore', '2019-10-08', 309.00),
(56, 'a131', '201911', 'traiteur, alimentation, boisson', '2019-11-27', 386.00),
(57, 'a131', '201911', 'repas avec praticien', '2019-11-24', 49.00),
(58, 'a131', '201911', 'location équipement vidéo/sonore', '2019-11-27', 602.00),
(59, 'a131', '201911', 'rémunération intervenant/spécialiste', '2019-11-05', 579.00),
(60, 'a131', '202001', 'traiteur, alimentation, boisson', '2020-01-01', 395.00),
(61, 'a131', '202001', 'achat de matériel de papèterie', '2020-01-26', 11.00),
(62, 'a131', '202002', 'location équipement vidéo/sonore', '2020-02-17', 416.00),
(63, 'a131', '202002', 'repas avec praticien', '2020-02-27', 42.00),
(64, 'a131', '202002', 'location véhicule', '2020-02-28', 284.00),
(65, 'a131', '202002', 'repas avec praticien', '2020-02-25', 39.00),
(66, 'a131', '202002', 'location salle conférence', '2020-02-27', 195.00),
(67, 'a131', '202002', 'achat de matériel de papèterie', '2020-02-09', 42.00),
(68, 'a17', '201801', 'achat de matériel de papèterie', '2018-01-03', 40.00),
(69, 'a17', '201802', 'Voyage SNCF', '2018-02-11', 109.00),
(70, 'a17', '201802', 'location salle conférence', '2018-02-10', 436.00),
(71, 'a17', '201802', 'location équipement vidéo/sonore', '2018-02-28', 725.00),
(72, 'a17', '201802', 'taxi', '2018-02-22', 23.00),
(73, 'a17', '201803', 'repas avec praticien', '2018-03-11', 35.00),
(74, 'a17', '201804', 'repas avec praticien', '2018-04-15', 34.00),
(75, 'a17', '201804', 'repas avec praticien', '2018-04-11', 38.00),
(76, 'a17', '201804', 'repas avec praticien', '2018-04-28', 38.00),
(77, 'a17', '201804', 'rémunération intervenant/spécialiste', '2018-04-03', 340.00),
(78, 'a17', '201804', 'taxi', '2018-04-07', 54.00),
(79, 'a17', '201804', 'taxi', '2018-04-14', 41.00),
(80, 'a17', '201805', 'location salle conférence', '2018-05-19', 175.00),
(81, 'a17', '201805', 'achat de matériel de papèterie', '2018-05-25', 36.00),
(82, 'a17', '201806', 'Voyage SNCF', '2018-06-28', 142.00),
(83, 'a17', '201806', 'traiteur, alimentation, boisson', '2018-06-08', 364.00),
(84, 'a17', '201806', 'location salle conférence', '2018-06-23', 585.00),
(85, 'a17', '201806', 'frais vestimentaire/représentation', '2018-06-25', 343.00),
(86, 'a17', '201806', 'achat de matériel de papèterie', '2018-06-13', 14.00),
(87, 'a17', '201807', 'repas avec praticien', '2018-07-25', 50.00),
(88, 'a17', '201807', 'location véhicule', '2018-07-22', 427.00),
(89, 'a17', '201807', 'Voyage SNCF', '2018-07-05', 36.00),
(90, 'a17', '201807', 'traiteur, alimentation, boisson', '2018-07-10', 278.00),
(91, 'a17', '201808', 'location salle conférence', '2018-08-05', 343.00),
(92, 'a17', '201808', 'rémunération intervenant/spécialiste', '2018-08-11', 581.00),
(93, 'a17', '201808', 'achat de matériel de papèterie', '2018-08-21', 40.00),
(94, 'a17', '201808', 'location véhicule', '2018-08-01', 438.00),
(95, 'a17', '201808', 'location équipement vidéo/sonore', '2018-08-02', 630.00),
(96, 'a17', '201808', 'repas avec praticien', '2018-08-03', 31.00),
(97, 'a17', '201809', 'achat de matériel de papèterie', '2018-09-12', 40.00),
(98, 'a17', '201809', 'taxi', '2018-09-24', 38.00),
(99, 'a17', '201809', 'location véhicule', '2018-09-19', 34.00),
(100, 'a17', '201809', 'frais vestimentaire/représentation', '2018-09-10', 302.00),
(101, 'a17', '201809', 'repas avec praticien', '2018-09-01', 42.00),
(102, 'a17', '201810', 'traiteur, alimentation, boisson', '2018-10-18', 31.00),
(103, 'a17', '201810', 'repas avec praticien', '2018-10-24', 48.00),
(104, 'a17', '201810', 'achat de matériel de papèterie', '2018-10-21', 49.00),
(105, 'a17', '201810', 'repas avec praticien', '2018-10-07', 43.00),
(106, 'a17', '201810', 'location véhicule', '2018-10-06', 232.00),
(107, 'a17', '201811', 'location équipement vidéo/sonore', '2018-11-18', 132.00),
(108, 'a17', '201812', 'location véhicule', '2018-12-11', 42.00),
(109, 'a17', '201812', 'location salle conférence', '2018-12-07', 254.00),
(110, 'a17', '201901', 'traiteur, alimentation, boisson', '2019-01-24', 275.00),
(111, 'a17', '201901', 'Voyage SNCF', '2019-01-18', 85.00),
(112, 'a17', '201901', 'repas avec praticien', '2019-01-02', 32.00),
(113, 'a17', '201901', 'Voyage SNCF', '2019-01-14', 88.00),
(114, 'a17', '201901', 'location équipement vidéo/sonore', '2019-01-07', 178.00),
(115, 'a17', '201902', 'frais vestimentaire/représentation', '2019-02-09', 282.00),
(116, 'a17', '201903', 'location équipement vidéo/sonore', '2019-03-17', 418.00),
(117, 'a17', '201903', 'traiteur, alimentation, boisson', '2019-03-14', 338.00),
(118, 'a17', '201903', 'traiteur, alimentation, boisson', '2019-03-03', 317.00),
(119, 'a17', '201904', 'location salle conférence', '2019-04-26', 368.00),
(120, 'a17', '201904', 'location équipement vidéo/sonore', '2019-04-28', 583.00),
(121, 'a17', '201904', 'Voyage SNCF', '2019-04-04', 91.00),
(122, 'a17', '201904', 'achat de matériel de papèterie', '2019-04-04', 43.00),
(123, 'a17', '201905', 'rémunération intervenant/spécialiste', '2019-05-13', 349.00),
(124, 'a17', '201905', 'taxi', '2019-05-04', 58.00),
(125, 'a17', '201905', 'rémunération intervenant/spécialiste', '2019-05-17', 537.00),
(126, 'a17', '201905', 'location salle conférence', '2019-05-27', 358.00),
(127, 'a17', '201905', 'repas avec praticien', '2019-05-23', 33.00),
(128, 'a17', '201906', 'achat de matériel de papèterie', '2019-06-25', 16.00),
(129, 'a17', '201907', 'Voyage SNCF', '2019-07-15', 64.00),
(130, 'a17', '201907', 'traiteur, alimentation, boisson', '2019-07-16', 138.00),
(131, 'a17', '201907', 'taxi', '2019-07-05', 66.00),
(132, 'a17', '201907', 'location véhicule', '2019-07-05', 202.00),
(133, 'a17', '201908', 'Voyage SNCF', '2019-08-18', 146.00),
(134, 'a17', '201908', 'taxi', '2019-08-28', 22.00),
(135, 'a17', '201908', 'taxi', '2019-08-19', 27.00),
(136, 'a17', '201909', 'location salle conférence', '2019-09-22', 515.00),
(137, 'a17', '201909', 'location véhicule', '2019-09-16', 320.00),
(138, 'a17', '201909', 'Voyage SNCF', '2019-09-28', 52.00),
(139, 'a17', '201909', 'frais vestimentaire/représentation', '2019-09-03', 147.00),
(140, 'a17', '201909', 'taxi', '2019-09-04', 20.00),
(141, 'a17', '201910', 'repas avec praticien', '2019-10-13', 46.00),
(142, 'a17', '201910', 'traiteur, alimentation, boisson', '2019-10-18', 284.00),
(143, 'a17', '201910', 'Voyage SNCF', '2019-10-15', 149.00),
(144, 'a17', '201911', 'achat de matériel de papèterie', '2019-11-28', 10.00),
(145, 'a17', '201911', 'rémunération intervenant/spécialiste', '2019-11-23', 1009.00),
(146, 'a17', '201911', 'repas avec praticien', '2019-11-01', 40.00),
(147, 'a17', '201911', 'taxi', '2019-11-19', 23.00),
(148, 'a17', '201911', 'frais vestimentaire/représentation', '2019-11-16', 184.00),
(149, 'a17', '201911', 'repas avec praticien', '2019-11-02', 30.00),
(150, 'a17', '201912', 'frais vestimentaire/représentation', '2019-12-06', 290.00),
(151, 'a17', '201912', 'location véhicule', '2019-12-02', 214.00),
(152, 'a17', '201912', 'traiteur, alimentation, boisson', '2019-12-14', 417.00),
(153, 'a17', '201912', 'location équipement vidéo/sonore', '2019-12-18', 296.00),
(154, 'a17', '202001', 'Voyage SNCF', '2020-01-23', 31.00),
(155, 'a17', '202001', 'traiteur, alimentation, boisson', '2020-01-07', 54.00),
(156, 'a17', '202001', 'location salle conférence', '2020-01-03', 470.00),
(157, 'a17', '202002', 'frais vestimentaire/représentation', '2020-02-05', 279.00),
(158, 'a17', '202002', 'Voyage SNCF', '2020-02-05', 92.00),
(159, 'a55', '201801', 'rémunération intervenant/spécialiste', '2018-01-10', 1009.00),
(160, 'a55', '201801', 'rémunération intervenant/spécialiste', '2018-01-17', 378.00),
(161, 'a55', '201801', 'achat de matériel de papèterie', '2018-01-04', 11.00),
(162, 'a55', '201802', 'achat de matériel de papèterie', '2018-02-24', 27.00),
(163, 'a55', '201802', 'taxi', '2018-02-01', 66.00),
(164, 'a55', '201802', 'Voyage SNCF', '2018-02-22', 65.00),
(165, 'a55', '201802', 'traiteur, alimentation, boisson', '2018-02-13', 36.00),
(166, 'a55', '201802', 'traiteur, alimentation, boisson', '2018-02-09', 268.00),
(167, 'a55', '201803', 'location véhicule', '2018-03-01', 76.00),
(168, 'a55', '201803', 'taxi', '2018-03-21', 37.00),
(169, 'a55', '201804', 'location véhicule', '2018-04-15', 391.00),
(170, 'a55', '201805', 'taxi', '2018-05-05', 65.00),
(171, 'a55', '201805', 'location véhicule', '2018-05-22', 88.00),
(172, 'a55', '201806', 'traiteur, alimentation, boisson', '2018-06-14', 236.00),
(173, 'a55', '201806', 'achat de matériel de papèterie', '2018-06-08', 47.00),
(174, 'a55', '201806', 'location salle conférence', '2018-06-27', 229.00),
(175, 'a55', '201806', 'Voyage SNCF', '2018-06-07', 33.00),
(176, 'a55', '201806', 'achat de matériel de papèterie', '2018-06-01', 10.00),
(177, 'a55', '201807', 'repas avec praticien', '2018-07-12', 30.00),
(178, 'a55', '201807', 'traiteur, alimentation, boisson', '2018-07-12', 333.00),
(179, 'a55', '201807', 'achat de matériel de papèterie', '2018-07-09', 46.00),
(180, 'a55', '201807', 'location salle conférence', '2018-07-27', 195.00),
(181, 'a55', '201807', 'achat de matériel de papèterie', '2018-07-09', 31.00),
(182, 'a55', '201808', 'repas avec praticien', '2018-08-23', 30.00),
(183, 'a55', '201808', 'Voyage SNCF', '2018-08-03', 109.00),
(184, 'a55', '201809', 'frais vestimentaire/représentation', '2018-09-15', 122.00),
(185, 'a55', '201809', 'taxi', '2018-09-03', 21.00),
(186, 'a55', '201810', 'Voyage SNCF', '2018-10-16', 33.00),
(187, 'a55', '201810', 'repas avec praticien', '2018-10-28', 47.00),
(188, 'a55', '201810', 'rémunération intervenant/spécialiste', '2018-10-14', 1026.00),
(189, 'a55', '201810', 'location salle conférence', '2018-10-01', 483.00),
(190, 'a55', '201811', 'taxi', '2018-11-03', 79.00),
(191, 'a55', '201811', 'Voyage SNCF', '2018-11-28', 99.00),
(192, 'a55', '201811', 'Voyage SNCF', '2018-11-12', 50.00),
(193, 'a55', '201811', 'repas avec praticien', '2018-11-18', 42.00),
(194, 'a55', '201812', 'location salle conférence', '2018-12-14', 297.00),
(195, 'a55', '201812', 'achat de matériel de papèterie', '2018-12-04', 33.00),
(196, 'a55', '201812', 'traiteur, alimentation, boisson', '2018-12-17', 76.00),
(197, 'a55', '201812', 'traiteur, alimentation, boisson', '2018-12-14', 209.00),
(198, 'a55', '201812', 'location véhicule', '2018-12-04', 101.00),
(199, 'a55', '201812', 'location équipement vidéo/sonore', '2018-12-10', 716.00),
(200, 'a55', '201901', 'Voyage SNCF', '2019-01-08', 127.00),
(201, 'a55', '201901', 'traiteur, alimentation, boisson', '2019-01-23', 317.00),
(202, 'a55', '201901', 'taxi', '2019-01-22', 57.00),
(203, 'a55', '201901', 'rémunération intervenant/spécialiste', '2019-01-13', 1073.00),
(204, 'a55', '201901', 'taxi', '2019-01-05', 21.00),
(205, 'a55', '201902', 'repas avec praticien', '2019-02-19', 50.00),
(206, 'a55', '201902', 'location véhicule', '2019-02-17', 308.00),
(207, 'a55', '201902', 'repas avec praticien', '2019-02-17', 35.00),
(208, 'a55', '201902', 'repas avec praticien', '2019-02-21', 38.00),
(209, 'a55', '201902', 'Voyage SNCF', '2019-02-16', 46.00),
(210, 'a55', '201903', 'location véhicule', '2019-03-02', 402.00),
(211, 'a55', '201903', 'traiteur, alimentation, boisson', '2019-03-14', 59.00),
(212, 'a55', '201903', 'taxi', '2019-03-18', 36.00),
(213, 'a55', '201903', 'rémunération intervenant/spécialiste', '2019-03-26', 1041.00),
(214, 'a55', '201904', 'Voyage SNCF', '2019-04-01', 84.00),
(215, 'a55', '201904', 'location salle conférence', '2019-04-22', 211.00),
(216, 'a55', '201904', 'achat de matériel de papèterie', '2019-04-28', 31.00),
(217, 'a55', '201904', 'rémunération intervenant/spécialiste', '2019-04-15', 277.00),
(218, 'a55', '201904', 'frais vestimentaire/représentation', '2019-04-07', 277.00),
(219, 'a55', '201904', 'location équipement vidéo/sonore', '2019-04-04', 654.00),
(220, 'a55', '201905', 'achat de matériel de papèterie', '2019-05-27', 45.00),
(221, 'a55', '201905', 'achat de matériel de papèterie', '2019-05-02', 45.00),
(222, 'a55', '201906', 'traiteur, alimentation, boisson', '2019-06-02', 335.00),
(223, 'a55', '201906', 'Voyage SNCF', '2019-06-09', 99.00),
(224, 'a55', '201907', 'location équipement vidéo/sonore', '2019-07-10', 567.00),
(225, 'a55', '201907', 'rémunération intervenant/spécialiste', '2019-07-23', 1146.00),
(226, 'a55', '201907', 'traiteur, alimentation, boisson', '2019-07-12', 435.00),
(227, 'a55', '201908', 'frais vestimentaire/représentation', '2019-08-23', 376.00),
(228, 'a55', '201908', 'achat de matériel de papèterie', '2019-08-21', 47.00),
(229, 'a55', '201908', 'location équipement vidéo/sonore', '2019-08-22', 400.00),
(230, 'a55', '201908', 'location équipement vidéo/sonore', '2019-08-07', 655.00),
(231, 'a55', '201909', 'Voyage SNCF', '2019-09-01', 53.00),
(232, 'a55', '201909', 'location équipement vidéo/sonore', '2019-09-24', 472.00),
(233, 'a55', '201909', 'repas avec praticien', '2019-09-11', 44.00),
(234, 'a55', '201909', 'repas avec praticien', '2019-09-04', 41.00),
(235, 'a55', '201910', 'rémunération intervenant/spécialiste', '2019-10-02', 335.00),
(236, 'a55', '201910', 'repas avec praticien', '2019-10-11', 39.00),
(237, 'a55', '201910', 'achat de matériel de papèterie', '2019-10-10', 35.00),
(238, 'a55', '201910', 'traiteur, alimentation, boisson', '2019-10-18', 433.00),
(239, 'a55', '201910', 'achat de matériel de papèterie', '2019-10-03', 14.00),
(240, 'a55', '201911', 'location salle conférence', '2019-11-14', 462.00),
(241, 'a55', '201911', 'repas avec praticien', '2019-11-24', 47.00),
(242, 'a55', '201911', 'location salle conférence', '2019-11-15', 425.00),
(243, 'a55', '201912', 'location véhicule', '2019-12-16', 429.00),
(244, 'a55', '201912', 'frais vestimentaire/représentation', '2019-12-16', 34.00),
(245, 'a55', '201912', 'Voyage SNCF', '2019-12-21', 126.00),
(246, 'a55', '201912', 'taxi', '2019-12-16', 79.00),
(247, 'a55', '202001', 'frais vestimentaire/représentation', '2020-01-07', 177.00),
(248, 'a55', '202002', 'repas avec praticien', '2020-02-17', 45.00),
(249, 'a55', '202002', 'location salle conférence', '2020-02-14', 256.00),
(250, 'a55', '202002', 'Voyage SNCF', '2020-02-01', 130.00),
(251, 'a55', '202002', 'traiteur, alimentation, boisson', '2020-02-28', 62.00),
(252, 'a93', '201801', 'traiteur, alimentation, boisson', '2018-01-20', 395.00),
(253, 'a93', '201801', 'achat de matériel de papèterie', '2018-01-08', 15.00),
(254, 'a93', '201801', 'location équipement vidéo/sonore', '2018-01-15', 428.00),
(255, 'a93', '201801', 'location équipement vidéo/sonore', '2018-01-12', 437.00),
(256, 'a93', '201802', 'rémunération intervenant/spécialiste', '2018-02-12', 268.00),
(257, 'a93', '201802', 'frais vestimentaire/représentation', '2018-02-25', 34.00),
(258, 'a93', '201802', 'location véhicule', '2018-02-23', 404.00),
(259, 'a93', '201802', 'location salle conférence', '2018-02-23', 375.00),
(260, 'a93', '201802', 'location salle conférence', '2018-02-14', 616.00),
(261, 'a93', '201803', 'location salle conférence', '2018-03-22', 438.00),
(262, 'a93', '201803', 'achat de matériel de papèterie', '2018-03-07', 48.00),
(263, 'a93', '201803', 'location salle conférence', '2018-03-13', 550.00),
(264, 'a93', '201804', 'traiteur, alimentation, boisson', '2018-04-08', 418.00),
(265, 'a93', '201805', 'location salle conférence', '2018-05-09', 133.00),
(266, 'a93', '201805', 'frais vestimentaire/représentation', '2018-05-10', 243.00),
(267, 'a93', '201805', 'location équipement vidéo/sonore', '2018-05-20', 743.00),
(268, 'a93', '201806', 'traiteur, alimentation, boisson', '2018-06-06', 225.00),
(269, 'a93', '201806', 'location équipement vidéo/sonore', '2018-06-04', 384.00),
(270, 'a93', '201806', 'achat de matériel de papèterie', '2018-06-06', 10.00),
(271, 'a93', '201807', 'taxi', '2018-07-15', 58.00),
(272, 'a93', '201807', 'traiteur, alimentation, boisson', '2018-07-12', 32.00),
(273, 'a93', '201807', 'Voyage SNCF', '2018-07-19', 101.00),
(274, 'a93', '201807', 'taxi', '2018-07-20', 68.00),
(275, 'a93', '201807', 'location salle conférence', '2018-07-07', 135.00),
(276, 'a93', '201808', 'location équipement vidéo/sonore', '2018-08-23', 837.00),
(277, 'a93', '201809', 'location équipement vidéo/sonore', '2018-09-02', 684.00),
(278, 'a93', '201810', 'taxi', '2018-10-04', 26.00),
(279, 'a93', '201810', 'location salle conférence', '2018-10-21', 528.00),
(280, 'a93', '201810', 'taxi', '2018-10-06', 51.00),
(281, 'a93', '201810', 'location équipement vidéo/sonore', '2018-10-11', 268.00),
(282, 'a93', '201810', 'repas avec praticien', '2018-10-08', 46.00),
(283, 'a93', '201811', 'taxi', '2018-11-11', 74.00),
(284, 'a93', '201811', 'location salle conférence', '2018-11-10', 645.00),
(285, 'a93', '201811', 'achat de matériel de papèterie', '2018-11-22', 12.00),
(286, 'a93', '201811', 'location véhicule', '2018-11-26', 184.00),
(287, 'a93', '201812', 'location véhicule', '2018-12-09', 321.00),
(288, 'a93', '201812', 'location salle conférence', '2018-12-02', 472.00),
(289, 'a93', '201901', 'location salle conférence', '2019-01-18', 213.00),
(290, 'a93', '201901', 'achat de matériel de papèterie', '2019-01-02', 10.00),
(291, 'a93', '201901', 'Voyage SNCF', '2019-01-12', 126.00),
(292, 'a93', '201901', 'taxi', '2019-01-26', 72.00),
(293, 'a93', '201901', 'rémunération intervenant/spécialiste', '2019-01-25', 461.00),
(294, 'a93', '201902', 'Voyage SNCF', '2019-02-12', 55.00),
(295, 'a93', '201902', 'location salle conférence', '2019-02-06', 153.00),
(296, 'a93', '201902', 'Voyage SNCF', '2019-02-03', 37.00),
(297, 'a93', '201902', 'taxi', '2019-02-27', 28.00),
(298, 'a93', '201902', 'taxi', '2019-02-26', 27.00),
(299, 'a93', '201902', 'repas avec praticien', '2019-02-05', 34.00),
(300, 'a93', '201903', 'location équipement vidéo/sonore', '2019-03-18', 548.00),
(301, 'a93', '201903', 'location équipement vidéo/sonore', '2019-03-08', 663.00),
(302, 'a93', '201903', 'traiteur, alimentation, boisson', '2019-03-11', 390.00),
(303, 'a93', '201904', 'location salle conférence', '2019-04-10', 381.00),
(304, 'a93', '201905', 'repas avec praticien', '2019-05-24', 39.00),
(305, 'a93', '201905', 'location véhicule', '2019-05-15', 424.00),
(306, 'a93', '201905', 'achat de matériel de papèterie', '2019-05-04', 47.00),
(307, 'a93', '201905', 'rémunération intervenant/spécialiste', '2019-05-17', 1160.00),
(308, 'a93', '201905', 'location véhicule', '2019-05-03', 321.00),
(309, 'a93', '201906', 'location véhicule', '2019-06-20', 233.00),
(310, 'a93', '201906', 'location équipement vidéo/sonore', '2019-06-04', 613.00),
(311, 'a93', '201906', 'repas avec praticien', '2019-06-27', 50.00),
(312, 'a93', '201906', 'Voyage SNCF', '2019-06-23', 43.00),
(313, 'a93', '201906', 'achat de matériel de papèterie', '2019-06-05', 19.00),
(314, 'a93', '201907', 'frais vestimentaire/représentation', '2019-07-26', 286.00),
(315, 'a93', '201907', 'location salle conférence', '2019-07-21', 317.00),
(316, 'a93', '201907', 'location équipement vidéo/sonore', '2019-07-24', 712.00),
(317, 'a93', '201907', 'location salle conférence', '2019-07-25', 238.00),
(318, 'a93', '201907', 'traiteur, alimentation, boisson', '2019-07-05', 107.00),
(319, 'a93', '201908', 'repas avec praticien', '2019-08-12', 38.00),
(320, 'a93', '201908', 'location salle conférence', '2019-08-07', 589.00),
(321, 'a93', '201909', 'achat de matériel de papèterie', '2019-09-26', 41.00),
(322, 'a93', '201910', 'location salle conférence', '2019-10-11', 308.00),
(323, 'a93', '201910', 'frais vestimentaire/représentation', '2019-10-18', 178.00),
(324, 'a93', '201910', 'frais vestimentaire/représentation', '2019-10-11', 162.00),
(325, 'a93', '201910', 'achat de matériel de papèterie', '2019-10-01', 39.00),
(326, 'a93', '201910', 'repas avec praticien', '2019-10-23', 31.00),
(327, 'a93', '201911', 'taxi', '2019-11-05', 74.00),
(328, 'a93', '201912', 'traiteur, alimentation, boisson', '2019-12-04', 255.00),
(329, 'a93', '202001', 'taxi', '2020-01-10', 60.00),
(330, 'a93', '202001', 'frais vestimentaire/représentation', '2020-01-03', 253.00),
(331, 'a93', '202001', 'taxi', '2020-01-15', 32.00),
(332, 'a93', '202001', 'location véhicule', '2020-01-23', 421.00),
(333, 'a93', '202002', 'taxi', '2020-02-16', 53.00),
(334, 'b13', '201801', 'location équipement vidéo/sonore', '2018-01-02', 151.00),
(335, 'b13', '201801', 'traiteur, alimentation, boisson', '2018-01-11', 326.00),
(336, 'b13', '201801', 'traiteur, alimentation, boisson', '2018-01-27', 85.00),
(337, 'b13', '201802', 'frais vestimentaire/représentation', '2018-02-07', 118.00),
(338, 'b13', '201802', 'achat de matériel de papèterie', '2018-02-24', 46.00),
(339, 'b13', '201802', 'location salle conférence', '2018-02-09', 476.00),
(340, 'b13', '201802', 'location salle conférence', '2018-02-04', 570.00),
(341, 'b13', '201803', 'taxi', '2018-03-28', 41.00),
(342, 'b13', '201803', 'achat de matériel de papèterie', '2018-03-19', 19.00),
(343, 'b13', '201803', 'location salle conférence', '2018-03-27', 256.00),
(344, 'b13', '201803', 'rémunération intervenant/spécialiste', '2018-03-06', 671.00),
(345, 'b13', '201804', 'taxi', '2018-04-06', 42.00),
(346, 'b13', '201804', 'taxi', '2018-04-05', 25.00),
(347, 'b13', '201804', 'location véhicule', '2018-04-18', 323.00),
(348, 'b13', '201805', 'taxi', '2018-05-14', 24.00),
(349, 'b13', '201805', 'location équipement vidéo/sonore', '2018-05-12', 780.00),
(350, 'b13', '201805', 'achat de matériel de papèterie', '2018-05-12', 15.00),
(351, 'b13', '201805', 'rémunération intervenant/spécialiste', '2018-05-18', 777.00),
(352, 'b13', '201805', 'traiteur, alimentation, boisson', '2018-05-10', 340.00),
(353, 'b13', '201805', 'location salle conférence', '2018-05-12', 550.00),
(354, 'b13', '201806', 'location équipement vidéo/sonore', '2018-06-25', 134.00),
(355, 'b13', '201806', 'location véhicule', '2018-06-19', 141.00),
(356, 'b13', '201806', 'achat de matériel de papèterie', '2018-06-04', 41.00),
(357, 'b13', '201806', 'location véhicule', '2018-06-17', 364.00),
(358, 'b13', '201807', 'location véhicule', '2018-07-03', 87.00),
(359, 'b13', '201807', 'frais vestimentaire/représentation', '2018-07-21', 390.00),
(360, 'b13', '201807', 'frais vestimentaire/représentation', '2018-07-04', 282.00),
(361, 'b13', '201807', 'achat de matériel de papèterie', '2018-07-13', 25.00),
(362, 'b13', '201808', 'taxi', '2018-08-19', 45.00),
(363, 'b13', '201808', 'location équipement vidéo/sonore', '2018-08-03', 732.00),
(364, 'b13', '201809', 'frais vestimentaire/représentation', '2018-09-09', 374.00),
(365, 'b13', '201809', 'location équipement vidéo/sonore', '2018-09-13', 849.00),
(366, 'b13', '201809', 'taxi', '2018-09-08', 28.00),
(367, 'b13', '201809', 'frais vestimentaire/représentation', '2018-09-27', 29.00),
(368, 'b13', '201810', 'location salle conférence', '2018-10-12', 254.00),
(369, 'b13', '201811', 'location véhicule', '2018-11-20', 332.00),
(370, 'b13', '201811', 'location véhicule', '2018-11-09', 374.00),
(371, 'b13', '201811', 'taxi', '2018-11-09', 72.00),
(372, 'b13', '201812', 'frais vestimentaire/représentation', '2018-12-24', 290.00),
(373, 'b13', '201901', 'location équipement vidéo/sonore', '2019-01-19', 367.00),
(374, 'b13', '201901', 'rémunération intervenant/spécialiste', '2019-01-04', 975.00),
(375, 'b13', '201901', 'location équipement vidéo/sonore', '2019-01-27', 529.00),
(376, 'b13', '201901', 'frais vestimentaire/représentation', '2019-01-26', 79.00),
(377, 'b13', '201901', 'Voyage SNCF', '2019-01-07', 136.00),
(378, 'b13', '201902', 'Voyage SNCF', '2019-02-17', 74.00),
(379, 'b13', '201902', 'repas avec praticien', '2019-02-04', 37.00),
(380, 'b13', '201903', 'location salle conférence', '2019-03-01', 331.00),
(381, 'b13', '201903', 'location équipement vidéo/sonore', '2019-03-27', 369.00),
(382, 'b13', '201903', 'traiteur, alimentation, boisson', '2019-03-07', 318.00),
(383, 'b13', '201903', 'location équipement vidéo/sonore', '2019-03-10', 439.00),
(384, 'b13', '201903', 'frais vestimentaire/représentation', '2019-03-27', 422.00),
(385, 'b13', '201903', 'traiteur, alimentation, boisson', '2019-03-21', 46.00),
(386, 'b13', '201904', 'rémunération intervenant/spécialiste', '2019-04-26', 875.00),
(387, 'b13', '201904', 'rémunération intervenant/spécialiste', '2019-04-17', 658.00),
(388, 'b13', '201904', 'traiteur, alimentation, boisson', '2019-04-27', 284.00),
(389, 'b13', '201904', 'rémunération intervenant/spécialiste', '2019-04-05', 817.00),
(390, 'b13', '201905', 'location salle conférence', '2019-05-11', 207.00),
(391, 'b13', '201905', 'location salle conférence', '2019-05-26', 603.00),
(392, 'b13', '201905', 'traiteur, alimentation, boisson', '2019-05-10', 156.00),
(393, 'b13', '201905', 'rémunération intervenant/spécialiste', '2019-05-01', 1095.00),
(394, 'b13', '201905', 'achat de matériel de papèterie', '2019-05-15', 12.00),
(395, 'b13', '201906', 'repas avec praticien', '2019-06-14', 33.00),
(396, 'b13', '201907', 'location véhicule', '2019-07-23', 141.00),
(397, 'b13', '201907', 'rémunération intervenant/spécialiste', '2019-07-28', 927.00),
(398, 'b13', '201907', 'location équipement vidéo/sonore', '2019-07-25', 573.00),
(399, 'b13', '201908', 'location équipement vidéo/sonore', '2019-08-10', 701.00),
(400, 'b13', '201908', 'location véhicule', '2019-08-24', 304.00),
(401, 'b13', '201908', 'location véhicule', '2019-08-01', 58.00),
(402, 'b13', '201908', 'Voyage SNCF', '2019-08-06', 88.00),
(403, 'b13', '201908', 'location salle conférence', '2019-08-25', 206.00),
(404, 'b13', '201909', 'location véhicule', '2019-09-20', 85.00),
(405, 'b13', '201909', 'location salle conférence', '2019-09-02', 568.00),
(406, 'b13', '201909', 'location salle conférence', '2019-09-11', 283.00),
(407, 'b13', '201909', 'Voyage SNCF', '2019-09-06', 38.00),
(408, 'b13', '201910', 'rémunération intervenant/spécialiste', '2019-10-24', 781.00),
(409, 'b13', '201910', 'rémunération intervenant/spécialiste', '2019-10-16', 384.00),
(410, 'b13', '201910', 'frais vestimentaire/représentation', '2019-10-22', 252.00),
(411, 'b13', '201910', 'achat de matériel de papèterie', '2019-10-24', 21.00),
(412, 'b13', '201911', 'location salle conférence', '2019-11-07', 434.00),
(413, 'b13', '201911', 'traiteur, alimentation, boisson', '2019-11-20', 253.00),
(414, 'b13', '201912', 'location équipement vidéo/sonore', '2019-12-13', 364.00),
(415, 'b13', '201912', 'rémunération intervenant/spécialiste', '2019-12-28', 565.00),
(416, 'b13', '202001', 'taxi', '2020-01-19', 79.00),
(417, 'b13', '202001', 'rémunération intervenant/spécialiste', '2020-01-13', 868.00),
(418, 'b13', '202001', 'location salle conférence', '2020-01-28', 321.00),
(419, 'b13', '202001', 'location équipement vidéo/sonore', '2020-01-26', 418.00),
(420, 'b13', '202002', 'taxi', '2020-02-16', 37.00),
(421, 'b13', '202002', 'location véhicule', '2020-02-09', 435.00),
(422, 'b13', '202002', 'Voyage SNCF', '2020-02-08', 109.00),
(423, 'b16', '201801', 'location véhicule', '2018-01-05', 285.00),
(424, 'b16', '201801', 'frais vestimentaire/représentation', '2018-01-04', 177.00),
(425, 'b16', '201801', 'location salle conférence', '2018-01-13', 412.00),
(426, 'b16', '201801', 'location véhicule', '2018-01-17', 287.00),
(427, 'b16', '201801', 'location salle conférence', '2018-01-07', 331.00),
(428, 'b16', '201802', 'traiteur, alimentation, boisson', '2018-02-03', 445.00),
(429, 'b16', '201803', 'traiteur, alimentation, boisson', '2018-03-14', 432.00),
(430, 'b16', '201804', 'location équipement vidéo/sonore', '2018-04-15', 803.00),
(431, 'b16', '201804', 'frais vestimentaire/représentation', '2018-04-24', 60.00),
(432, 'b16', '201804', 'frais vestimentaire/représentation', '2018-04-16', 356.00),
(433, 'b16', '201804', 'location salle conférence', '2018-04-06', 365.00),
(434, 'b16', '201804', 'traiteur, alimentation, boisson', '2018-04-05', 329.00),
(435, 'b16', '201804', 'repas avec praticien', '2018-04-05', 31.00),
(436, 'b16', '201805', 'frais vestimentaire/représentation', '2018-05-14', 149.00),
(437, 'b16', '201805', 'traiteur, alimentation, boisson', '2018-05-08', 337.00),
(438, 'b16', '201805', 'repas avec praticien', '2018-05-01', 32.00),
(439, 'b16', '201805', 'achat de matériel de papèterie', '2018-05-23', 41.00),
(440, 'b16', '201805', 'location véhicule', '2018-05-27', 178.00),
(441, 'b16', '201806', 'rémunération intervenant/spécialiste', '2018-06-17', 1096.00),
(442, 'b16', '201806', 'location équipement vidéo/sonore', '2018-06-07', 107.00),
(443, 'b16', '201806', 'frais vestimentaire/représentation', '2018-06-10', 331.00),
(444, 'b16', '201806', 'taxi', '2018-06-01', 79.00),
(445, 'b16', '201806', 'achat de matériel de papèterie', '2018-06-13', 37.00),
(446, 'b16', '201807', 'location véhicule', '2018-07-13', 363.00),
(447, 'b16', '201807', 'Voyage SNCF', '2018-07-12', 33.00),
(448, 'b16', '201807', 'Voyage SNCF', '2018-07-19', 61.00),
(449, 'b16', '201807', 'repas avec praticien', '2018-07-09', 44.00),
(450, 'b16', '201807', 'location équipement vidéo/sonore', '2018-07-15', 531.00),
(451, 'b16', '201808', 'Voyage SNCF', '2018-08-06', 55.00),
(452, 'b16', '201808', 'traiteur, alimentation, boisson', '2018-08-19', 339.00),
(453, 'b16', '201809', 'Voyage SNCF', '2018-09-19', 137.00),
(454, 'b16', '201809', 'repas avec praticien', '2018-09-03', 42.00),
(455, 'b16', '201809', 'repas avec praticien', '2018-09-19', 43.00),
(456, 'b16', '201809', 'frais vestimentaire/représentation', '2018-09-20', 148.00),
(457, 'b16', '201809', 'repas avec praticien', '2018-09-10', 36.00),
(458, 'b16', '201810', 'location salle conférence', '2018-10-17', 326.00),
(459, 'b16', '201810', 'traiteur, alimentation, boisson', '2018-10-19', 138.00),
(460, 'b16', '201810', 'achat de matériel de papèterie', '2018-10-12', 41.00),
(461, 'b16', '201810', 'frais vestimentaire/représentation', '2018-10-17', 393.00),
(462, 'b16', '201811', 'repas avec praticien', '2018-11-15', 35.00),
(463, 'b16', '201811', 'frais vestimentaire/représentation', '2018-11-09', 129.00),
(464, 'b16', '201811', 'location salle conférence', '2018-11-03', 146.00),
(465, 'b16', '201811', 'location salle conférence', '2018-11-15', 152.00),
(466, 'b16', '201812', 'rémunération intervenant/spécialiste', '2018-12-09', 439.00),
(467, 'b16', '201812', 'location véhicule', '2018-12-12', 110.00),
(468, 'b16', '201812', 'achat de matériel de papèterie', '2018-12-08', 15.00),
(469, 'b16', '201812', 'Voyage SNCF', '2018-12-11', 147.00),
(470, 'b16', '201901', 'location salle conférence', '2019-01-19', 572.00),
(471, 'b16', '201901', 'location équipement vidéo/sonore', '2019-01-12', 786.00),
(472, 'b16', '201901', 'achat de matériel de papèterie', '2019-01-25', 32.00),
(473, 'b16', '201901', 'taxi', '2019-01-23', 48.00),
(474, 'b16', '201901', 'traiteur, alimentation, boisson', '2019-01-01', 43.00),
(475, 'b16', '201902', 'location salle conférence', '2019-02-28', 635.00),
(476, 'b16', '201902', 'traiteur, alimentation, boisson', '2019-02-05', 89.00),
(477, 'b16', '201903', 'location équipement vidéo/sonore', '2019-03-03', 247.00),
(478, 'b16', '201903', 'traiteur, alimentation, boisson', '2019-03-10', 50.00),
(479, 'b16', '201903', 'location salle conférence', '2019-03-18', 478.00),
(480, 'b16', '201904', 'rémunération intervenant/spécialiste', '2019-04-22', 581.00),
(481, 'b16', '201904', 'location salle conférence', '2019-04-01', 425.00),
(482, 'b16', '201905', 'location équipement vidéo/sonore', '2019-05-12', 353.00),
(483, 'b16', '201905', 'traiteur, alimentation, boisson', '2019-05-09', 261.00),
(484, 'b16', '201906', 'traiteur, alimentation, boisson', '2019-06-21', 117.00),
(485, 'b16', '201906', 'location équipement vidéo/sonore', '2019-06-20', 479.00),
(486, 'b16', '201906', 'traiteur, alimentation, boisson', '2019-06-12', 37.00),
(487, 'b16', '201906', 'repas avec praticien', '2019-06-05', 48.00),
(488, 'b16', '201906', 'location véhicule', '2019-06-15', 296.00),
(489, 'b16', '201906', 'location équipement vidéo/sonore', '2019-06-22', 271.00),
(490, 'b16', '201907', 'Voyage SNCF', '2019-07-19', 150.00),
(491, 'b16', '201907', 'frais vestimentaire/représentation', '2019-07-22', 50.00),
(492, 'b16', '201907', 'location salle conférence', '2019-07-24', 596.00),
(493, 'b16', '201907', 'repas avec praticien', '2019-07-19', 35.00),
(494, 'b16', '201908', 'traiteur, alimentation, boisson', '2019-08-14', 437.00),
(495, 'b16', '201908', 'traiteur, alimentation, boisson', '2019-08-23', 170.00),
(496, 'b16', '201909', 'rémunération intervenant/spécialiste', '2019-09-03', 517.00),
(497, 'b16', '201909', 'traiteur, alimentation, boisson', '2019-09-27', 105.00),
(498, 'b16', '201910', 'achat de matériel de papèterie', '2019-10-19', 18.00),
(499, 'b16', '201910', 'location salle conférence', '2019-10-02', 347.00),
(500, 'b16', '201911', 'traiteur, alimentation, boisson', '2019-11-14', 304.00),
(501, 'b16', '201911', 'achat de matériel de papèterie', '2019-11-17', 16.00),
(502, 'b16', '201911', 'location équipement vidéo/sonore', '2019-11-23', 326.00),
(503, 'b16', '201911', 'taxi', '2019-11-22', 52.00),
(504, 'b16', '201912', 'frais vestimentaire/représentation', '2019-12-04', 268.00),
(505, 'b16', '202001', 'Voyage SNCF', '2020-01-07', 107.00),
(506, 'b16', '202001', 'frais vestimentaire/représentation', '2020-01-01', 93.00),
(507, 'b16', '202001', 'location salle conférence', '2020-01-21', 589.00),
(508, 'b16', '202001', 'taxi', '2020-01-03', 71.00),
(509, 'b16', '202002', 'repas avec praticien', '2020-02-19', 42.00),
(510, 'b16', '202002', 'location salle conférence', '2020-02-07', 416.00),
(511, 'b16', '202002', 'rémunération intervenant/spécialiste', '2020-02-01', 308.00),
(512, 'b16', '202002', 'rémunération intervenant/spécialiste', '2020-02-07', 1049.00),
(513, 'b16', '202002', 'location véhicule', '2020-02-03', 366.00),
(514, 'b19', '201801', 'rémunération intervenant/spécialiste', '2018-01-20', 384.00),
(515, 'b19', '201801', 'frais vestimentaire/représentation', '2018-01-16', 357.00),
(516, 'b19', '201801', 'location véhicule', '2018-01-19', 417.00),
(517, 'b19', '201801', 'frais vestimentaire/représentation', '2018-01-24', 412.00),
(518, 'b19', '201802', 'location véhicule', '2018-02-28', 152.00),
(519, 'b19', '201802', 'taxi', '2018-02-27', 27.00),
(520, 'b19', '201802', 'taxi', '2018-02-16', 71.00),
(521, 'b19', '201803', 'Voyage SNCF', '2018-03-13', 39.00),
(522, 'b19', '201803', 'taxi', '2018-03-16', 55.00),
(523, 'b19', '201804', 'traiteur, alimentation, boisson', '2018-04-09', 77.00),
(524, 'b19', '201805', 'traiteur, alimentation, boisson', '2018-05-18', 371.00),
(525, 'b19', '201805', 'repas avec praticien', '2018-05-23', 48.00),
(526, 'b19', '201805', 'frais vestimentaire/représentation', '2018-05-07', 395.00),
(527, 'b19', '201805', 'repas avec praticien', '2018-05-24', 46.00),
(528, 'b19', '201805', 'achat de matériel de papèterie', '2018-05-25', 12.00),
(529, 'b19', '201806', 'repas avec praticien', '2018-06-06', 35.00),
(530, 'b19', '201806', 'Voyage SNCF', '2018-06-22', 61.00),
(531, 'b19', '201806', 'repas avec praticien', '2018-06-21', 45.00),
(532, 'b19', '201806', 'location équipement vidéo/sonore', '2018-06-07', 292.00),
(533, 'b19', '201806', 'Voyage SNCF', '2018-06-20', 110.00),
(534, 'b19', '201807', 'location équipement vidéo/sonore', '2018-07-08', 362.00),
(535, 'b19', '201807', 'location équipement vidéo/sonore', '2018-07-20', 701.00),
(536, 'b19', '201807', 'repas avec praticien', '2018-07-18', 47.00),
(537, 'b19', '201807', 'location équipement vidéo/sonore', '2018-07-02', 225.00),
(538, 'b19', '201808', 'traiteur, alimentation, boisson', '2018-08-05', 246.00),
(539, 'b19', '201808', 'taxi', '2018-08-01', 53.00),
(540, 'b19', '201808', 'frais vestimentaire/représentation', '2018-08-07', 360.00),
(541, 'b19', '201808', 'location salle conférence', '2018-08-04', 603.00),
(542, 'b19', '201809', 'traiteur, alimentation, boisson', '2018-09-22', 161.00),
(543, 'b19', '201809', 'repas avec praticien', '2018-09-01', 49.00),
(544, 'b19', '201809', 'Voyage SNCF', '2018-09-21', 46.00),
(545, 'b19', '201809', 'location équipement vidéo/sonore', '2018-09-18', 311.00),
(546, 'b19', '201809', 'location véhicule', '2018-09-20', 299.00),
(547, 'b19', '201810', 'traiteur, alimentation, boisson', '2018-10-27', 450.00),
(548, 'b19', '201810', 'location salle conférence', '2018-10-17', 217.00),
(549, 'b19', '201810', 'frais vestimentaire/représentation', '2018-10-28', 316.00),
(550, 'b19', '201811', 'Voyage SNCF', '2018-11-03', 67.00),
(551, 'b19', '201811', 'repas avec praticien', '2018-11-10', 34.00),
(552, 'b19', '201811', 'Voyage SNCF', '2018-11-21', 62.00),
(553, 'b19', '201811', 'location salle conférence', '2018-11-26', 423.00),
(554, 'b19', '201812', 'achat de matériel de papèterie', '2018-12-02', 11.00),
(555, 'b19', '201812', 'location équipement vidéo/sonore', '2018-12-03', 233.00),
(556, 'b19', '201812', 'achat de matériel de papèterie', '2018-12-14', 47.00),
(557, 'b19', '201901', 'taxi', '2019-01-08', 42.00),
(558, 'b19', '201901', 'location véhicule', '2019-01-15', 161.00),
(559, 'b19', '201901', 'location véhicule', '2019-01-24', 175.00),
(560, 'b19', '201901', 'Voyage SNCF', '2019-01-26', 39.00),
(561, 'b19', '201901', 'taxi', '2019-01-08', 77.00),
(562, 'b19', '201902', 'achat de matériel de papèterie', '2019-02-23', 35.00),
(563, 'b19', '201903', 'rémunération intervenant/spécialiste', '2019-03-23', 931.00),
(564, 'b19', '201904', 'location salle conférence', '2019-04-21', 435.00),
(565, 'b19', '201904', 'taxi', '2019-04-28', 33.00),
(566, 'b19', '201904', 'achat de matériel de papèterie', '2019-04-05', 22.00),
(567, 'b19', '201904', 'frais vestimentaire/représentation', '2019-04-06', 300.00),
(568, 'b19', '201905', 'location véhicule', '2019-05-22', 302.00),
(569, 'b19', '201905', 'location salle conférence', '2019-05-24', 554.00),
(570, 'b19', '201906', 'achat de matériel de papèterie', '2019-06-05', 38.00),
(571, 'b19', '201907', 'location véhicule', '2019-07-09', 117.00),
(572, 'b19', '201907', 'traiteur, alimentation, boisson', '2019-07-17', 103.00),
(573, 'b19', '201907', 'location salle conférence', '2019-07-25', 351.00),
(574, 'b19', '201908', 'location véhicule', '2019-08-19', 38.00),
(575, 'b19', '201908', 'frais vestimentaire/représentation', '2019-08-17', 134.00),
(576, 'b19', '201909', 'taxi', '2019-09-12', 48.00),
(577, 'b19', '201909', 'rémunération intervenant/spécialiste', '2019-09-18', 1069.00),
(578, 'b19', '201909', 'location salle conférence', '2019-09-27', 256.00),
(579, 'b19', '201910', 'repas avec praticien', '2019-10-20', 36.00),
(580, 'b19', '201910', 'location équipement vidéo/sonore', '2019-10-27', 288.00),
(581, 'b19', '201910', 'Voyage SNCF', '2019-10-28', 81.00),
(582, 'b19', '201910', 'frais vestimentaire/représentation', '2019-10-03', 225.00),
(583, 'b19', '201911', 'rémunération intervenant/spécialiste', '2019-11-23', 642.00),
(584, 'b19', '201911', 'rémunération intervenant/spécialiste', '2019-11-11', 311.00),
(585, 'b19', '201911', 'repas avec praticien', '2019-11-24', 33.00),
(586, 'b19', '201911', 'repas avec praticien', '2019-11-01', 31.00),
(587, 'b19', '201912', 'Voyage SNCF', '2019-12-20', 92.00),
(588, 'b19', '201912', 'Voyage SNCF', '2019-12-18', 43.00),
(589, 'b19', '202001', 'traiteur, alimentation, boisson', '2020-01-23', 404.00),
(590, 'b19', '202001', 'location équipement vidéo/sonore', '2020-01-27', 837.00),
(591, 'b19', '202001', 'repas avec praticien', '2020-01-02', 39.00),
(592, 'b19', '202001', 'taxi', '2020-01-20', 53.00),
(593, 'b19', '202002', 'rémunération intervenant/spécialiste', '2020-02-09', 1040.00),
(594, 'b19', '202002', 'location équipement vidéo/sonore', '2020-02-21', 224.00),
(595, 'b19', '202002', 'rémunération intervenant/spécialiste', '2020-02-20', 987.00),
(596, 'b19', '202002', 'repas avec praticien', '2020-02-12', 30.00),
(597, 'b25', '201801', 'location équipement vidéo/sonore', '2018-01-03', 324.00),
(598, 'b25', '201802', 'achat de matériel de papèterie', '2018-02-01', 29.00),
(599, 'b25', '201802', 'location salle conférence', '2018-02-21', 142.00),
(600, 'b25', '201802', 'Voyage SNCF', '2018-02-04', 115.00),
(601, 'b25', '201802', 'repas avec praticien', '2018-02-18', 46.00),
(602, 'b25', '201802', 'achat de matériel de papèterie', '2018-02-09', 23.00),
(603, 'b25', '201803', 'achat de matériel de papèterie', '2018-03-24', 31.00),
(604, 'b25', '201804', 'repas avec praticien', '2018-04-07', 35.00),
(605, 'b25', '201805', 'location équipement vidéo/sonore', '2018-05-26', 797.00),
(606, 'b25', '201806', 'location salle conférence', '2018-06-15', 271.00),
(607, 'b25', '201807', 'Voyage SNCF', '2018-07-15', 101.00),
(608, 'b25', '201807', 'repas avec praticien', '2018-07-04', 39.00),
(609, 'b25', '201807', 'rémunération intervenant/spécialiste', '2018-07-18', 395.00),
(610, 'b25', '201807', 'traiteur, alimentation, boisson', '2018-07-23', 131.00),
(611, 'b25', '201807', 'Voyage SNCF', '2018-07-05', 35.00),
(612, 'b25', '201808', 'Voyage SNCF', '2018-08-17', 52.00),
(613, 'b25', '201808', 'location véhicule', '2018-08-01', 398.00),
(614, 'b25', '201808', 'location équipement vidéo/sonore', '2018-08-26', 157.00),
(615, 'b25', '201808', 'rémunération intervenant/spécialiste', '2018-08-20', 692.00),
(616, 'b25', '201808', 'repas avec praticien', '2018-08-12', 50.00),
(617, 'b25', '201809', 'taxi', '2018-09-15', 53.00),
(618, 'b25', '201809', 'taxi', '2018-09-15', 69.00),
(619, 'b25', '201809', 'location véhicule', '2018-09-01', 177.00),
(620, 'b25', '201809', 'taxi', '2018-09-03', 20.00),
(621, 'b25', '201810', 'location équipement vidéo/sonore', '2018-10-05', 479.00),
(622, 'b25', '201810', 'taxi', '2018-10-07', 60.00),
(623, 'b25', '201810', 'rémunération intervenant/spécialiste', '2018-10-21', 268.00),
(624, 'b25', '201811', 'location salle conférence', '2018-11-01', 189.00),
(625, 'b25', '201811', 'Voyage SNCF', '2018-11-24', 52.00),
(626, 'b25', '201811', 'frais vestimentaire/représentation', '2018-11-08', 212.00),
(627, 'b25', '201812', 'location salle conférence', '2018-12-05', 292.00),
(628, 'b25', '201812', 'repas avec praticien', '2018-12-12', 33.00),
(629, 'b25', '201812', 'location salle conférence', '2018-12-12', 529.00),
(630, 'b25', '201901', 'frais vestimentaire/représentation', '2019-01-01', 426.00),
(631, 'b25', '201901', 'rémunération intervenant/spécialiste', '2019-01-08', 1147.00),
(632, 'b25', '201902', 'Voyage SNCF', '2019-02-17', 68.00),
(633, 'b25', '201902', 'frais vestimentaire/représentation', '2019-02-08', 151.00),
(634, 'b25', '201902', 'location salle conférence', '2019-02-28', 283.00),
(635, 'b25', '201902', 'achat de matériel de papèterie', '2019-02-22', 47.00),
(636, 'b25', '201903', 'rémunération intervenant/spécialiste', '2019-03-13', 594.00),
(637, 'b25', '201903', 'location salle conférence', '2019-03-02', 585.00),
(638, 'b25', '201904', 'rémunération intervenant/spécialiste', '2019-04-28', 832.00),
(639, 'b25', '201904', 'frais vestimentaire/représentation', '2019-04-17', 89.00),
(640, 'b25', '201905', 'rémunération intervenant/spécialiste', '2019-05-25', 420.00),
(641, 'b25', '201907', 'achat de matériel de papèterie', '2019-07-25', 16.00),
(642, 'b25', '201907', 'frais vestimentaire/représentation', '2019-07-26', 131.00),
(643, 'b25', '201908', 'traiteur, alimentation, boisson', '2019-08-02', 360.00),
(644, 'b25', '201908', 'Voyage SNCF', '2019-08-25', 34.00),
(645, 'b25', '201908', 'traiteur, alimentation, boisson', '2019-08-03', 322.00),
(646, 'b25', '201908', 'location véhicule', '2019-08-18', 246.00),
(647, 'b25', '201908', 'traiteur, alimentation, boisson', '2019-08-24', 317.00),
(648, 'b25', '201908', 'traiteur, alimentation, boisson', '2019-08-01', 388.00),
(649, 'b25', '201909', 'rémunération intervenant/spécialiste', '2019-09-23', 855.00),
(650, 'b25', '201909', 'traiteur, alimentation, boisson', '2019-09-16', 30.00),
(651, 'b25', '201910', 'location équipement vidéo/sonore', '2019-10-13', 795.00),
(652, 'b25', '201911', 'Voyage SNCF', '2019-11-10', 69.00),
(653, 'b25', '201911', 'location véhicule', '2019-11-24', 118.00),
(654, 'b25', '201911', 'Voyage SNCF', '2019-11-27', 84.00),
(655, 'b25', '201912', 'frais vestimentaire/représentation', '2019-12-04', 92.00),
(656, 'b25', '201912', 'achat de matériel de papèterie', '2019-12-19', 15.00),
(657, 'b25', '202001', 'location salle conférence', '2020-01-24', 247.00),
(658, 'b25', '202001', 'location véhicule', '2020-01-20', 156.00),
(659, 'b25', '202001', 'repas avec praticien', '2020-01-15', 35.00),
(660, 'b25', '202001', 'location véhicule', '2020-01-02', 238.00),
(661, 'b25', '202001', 'repas avec praticien', '2020-01-28', 44.00),
(662, 'b25', '202001', 'traiteur, alimentation, boisson', '2020-01-02', 375.00),
(663, 'b25', '202002', 'Voyage SNCF', '2020-02-18', 55.00),
(664, 'b28', '201801', 'Voyage SNCF', '2018-01-26', 81.00),
(665, 'b28', '201801', 'frais vestimentaire/représentation', '2018-01-10', 69.00),
(666, 'b28', '201802', 'achat de matériel de papèterie', '2018-02-14', 49.00),
(667, 'b28', '201802', 'taxi', '2018-02-01', 70.00),
(668, 'b28', '201803', 'location équipement vidéo/sonore', '2018-03-19', 590.00),
(669, 'b28', '201803', 'taxi', '2018-03-11', 21.00),
(670, 'b28', '201804', 'taxi', '2018-04-19', 29.00),
(671, 'b28', '201804', 'repas avec praticien', '2018-04-09', 49.00),
(672, 'b28', '201805', 'frais vestimentaire/représentation', '2018-05-25', 55.00),
(673, 'b28', '201805', 'frais vestimentaire/représentation', '2018-05-17', 306.00),
(674, 'b28', '201806', 'rémunération intervenant/spécialiste', '2018-06-10', 347.00),
(675, 'b28', '201806', 'taxi', '2018-06-27', 56.00),
(676, 'b28', '201807', 'location véhicule', '2018-07-21', 49.00),
(677, 'b28', '201807', 'repas avec praticien', '2018-07-24', 45.00),
(678, 'b28', '201807', 'traiteur, alimentation, boisson', '2018-07-28', 73.00),
(679, 'b28', '201807', 'location salle conférence', '2018-07-07', 480.00),
(680, 'b28', '201807', 'Voyage SNCF', '2018-07-01', 103.00),
(681, 'b28', '201807', 'location équipement vidéo/sonore', '2018-07-09', 112.00),
(682, 'b28', '201808', 'location véhicule', '2018-08-10', 148.00),
(683, 'b28', '201808', 'traiteur, alimentation, boisson', '2018-08-16', 435.00),
(684, 'b28', '201808', 'frais vestimentaire/représentation', '2018-08-27', 107.00),
(685, 'b28', '201808', 'location équipement vidéo/sonore', '2018-08-24', 190.00),
(686, 'b28', '201809', 'location salle conférence', '2018-09-05', 523.00),
(687, 'b28', '201809', 'location équipement vidéo/sonore', '2018-09-13', 413.00),
(688, 'b28', '201809', 'rémunération intervenant/spécialiste', '2018-09-20', 402.00),
(689, 'b28', '201809', 'taxi', '2018-09-28', 20.00),
(690, 'b28', '201809', 'frais vestimentaire/représentation', '2018-09-23', 387.00),
(691, 'b28', '201809', 'location véhicule', '2018-09-02', 378.00),
(692, 'b28', '201810', 'achat de matériel de papèterie', '2018-10-25', 40.00),
(693, 'b28', '201810', 'achat de matériel de papèterie', '2018-10-03', 43.00),
(694, 'b28', '201810', 'rémunération intervenant/spécialiste', '2018-10-28', 485.00),
(695, 'b28', '201811', 'location véhicule', '2018-11-27', 429.00),
(696, 'b28', '201812', 'Voyage SNCF', '2018-12-23', 103.00),
(697, 'b28', '201812', 'location équipement vidéo/sonore', '2018-12-14', 369.00),
(698, 'b28', '201901', 'location véhicule', '2019-01-01', 230.00),
(699, 'b28', '201901', 'Voyage SNCF', '2019-01-09', 46.00);
INSERT INTO `lignefraishorsforfait` (`idLigneFraisForfait`, `idVisiteur`, `mois`, `libelle`, `date`, `montant`) VALUES
(700, 'b28', '201901', 'location équipement vidéo/sonore', '2019-01-19', 847.00),
(701, 'b28', '201902', 'achat de matériel de papèterie', '2019-02-02', 11.00),
(702, 'b28', '201902', 'location véhicule', '2019-02-09', 153.00),
(703, 'b28', '201902', 'taxi', '2019-02-27', 38.00),
(704, 'b28', '201903', 'location véhicule', '2019-03-05', 330.00),
(705, 'b28', '201903', 'location salle conférence', '2019-03-15', 329.00),
(706, 'b28', '201903', 'location salle conférence', '2019-03-26', 554.00),
(707, 'b28', '201904', 'rémunération intervenant/spécialiste', '2019-04-02', 437.00),
(708, 'b28', '201904', 'location véhicule', '2019-04-16', 131.00),
(709, 'b28', '201904', 'rémunération intervenant/spécialiste', '2019-04-26', 545.00),
(710, 'b28', '201904', 'rémunération intervenant/spécialiste', '2019-04-01', 821.00),
(711, 'b28', '201904', 'location équipement vidéo/sonore', '2019-04-06', 226.00),
(712, 'b28', '201905', 'Voyage SNCF', '2019-05-22', 146.00),
(713, 'b28', '201906', 'location véhicule', '2019-06-03', 43.00),
(714, 'b28', '201906', 'traiteur, alimentation, boisson', '2019-06-17', 129.00),
(715, 'b28', '201906', 'rémunération intervenant/spécialiste', '2019-06-20', 803.00),
(716, 'b28', '201907', 'repas avec praticien', '2019-07-13', 35.00),
(717, 'b28', '201908', 'rémunération intervenant/spécialiste', '2019-08-08', 631.00),
(718, 'b28', '201908', 'traiteur, alimentation, boisson', '2019-08-23', 138.00),
(719, 'b28', '201908', 'achat de matériel de papèterie', '2019-08-21', 41.00),
(720, 'b28', '201908', 'rémunération intervenant/spécialiste', '2019-08-13', 1024.00),
(721, 'b28', '201908', 'frais vestimentaire/représentation', '2019-08-05', 199.00),
(722, 'b28', '201909', 'repas avec praticien', '2019-09-14', 37.00),
(723, 'b28', '201909', 'repas avec praticien', '2019-09-07', 39.00),
(724, 'b28', '201909', 'achat de matériel de papèterie', '2019-09-04', 12.00),
(725, 'b28', '201909', 'location équipement vidéo/sonore', '2019-09-24', 187.00),
(726, 'b28', '201909', 'achat de matériel de papèterie', '2019-09-09', 21.00),
(727, 'b28', '201909', 'Voyage SNCF', '2019-09-21', 85.00),
(728, 'b28', '201910', 'achat de matériel de papèterie', '2019-10-17', 19.00),
(729, 'b28', '201910', 'location salle conférence', '2019-10-02', 490.00),
(730, 'b28', '201911', 'location équipement vidéo/sonore', '2019-11-27', 565.00),
(731, 'b28', '201911', 'achat de matériel de papèterie', '2019-11-13', 49.00),
(732, 'b28', '201911', 'frais vestimentaire/représentation', '2019-11-07', 121.00),
(733, 'b28', '201912', 'repas avec praticien', '2019-12-10', 30.00),
(734, 'b28', '201912', 'taxi', '2019-12-13', 33.00),
(735, 'b28', '202001', 'achat de matériel de papèterie', '2020-01-09', 11.00),
(736, 'b28', '202001', 'location salle conférence', '2020-01-23', 495.00),
(737, 'b28', '202002', 'location salle conférence', '2020-02-21', 186.00),
(738, 'b28', '202002', 'traiteur, alimentation, boisson', '2020-02-04', 344.00),
(739, 'b28', '202002', 'frais vestimentaire/représentation', '2020-02-11', 191.00),
(740, 'b28', '202002', 'repas avec praticien', '2020-02-14', 40.00),
(741, 'b28', '202002', 'rémunération intervenant/spécialiste', '2020-02-05', 977.00),
(742, 'b28', '202002', 'rémunération intervenant/spécialiste', '2020-02-17', 1058.00),
(743, 'b34', '201801', 'Voyage SNCF', '2018-01-08', 77.00),
(744, 'b34', '201802', 'Voyage SNCF', '2018-02-18', 136.00),
(745, 'b34', '201802', 'repas avec praticien', '2018-02-07', 36.00),
(746, 'b34', '201802', 'location véhicule', '2018-02-07', 134.00),
(747, 'b34', '201803', 'repas avec praticien', '2018-03-05', 31.00),
(748, 'b34', '201803', 'Voyage SNCF', '2018-03-24', 38.00),
(749, 'b34', '201803', 'location véhicule', '2018-03-15', 252.00),
(750, 'b34', '201803', 'taxi', '2018-03-23', 42.00),
(751, 'b34', '201804', 'rémunération intervenant/spécialiste', '2018-04-06', 1011.00),
(752, 'b34', '201804', 'traiteur, alimentation, boisson', '2018-04-17', 245.00),
(753, 'b34', '201804', 'repas avec praticien', '2018-04-03', 46.00),
(754, 'b34', '201804', 'repas avec praticien', '2018-04-11', 44.00),
(755, 'b34', '201804', 'frais vestimentaire/représentation', '2018-04-11', 320.00),
(756, 'b34', '201805', 'location équipement vidéo/sonore', '2018-05-13', 651.00),
(757, 'b34', '201805', 'location véhicule', '2018-05-17', 76.00),
(758, 'b34', '201805', 'repas avec praticien', '2018-05-15', 44.00),
(759, 'b34', '201805', 'location salle conférence', '2018-05-13', 621.00),
(760, 'b34', '201805', 'achat de matériel de papèterie', '2018-05-17', 35.00),
(761, 'b34', '201806', 'frais vestimentaire/représentation', '2018-06-08', 230.00),
(762, 'b34', '201806', 'rémunération intervenant/spécialiste', '2018-06-05', 674.00),
(763, 'b34', '201806', 'taxi', '2018-06-10', 62.00),
(764, 'b34', '201807', 'traiteur, alimentation, boisson', '2018-07-21', 76.00),
(765, 'b34', '201807', 'taxi', '2018-07-03', 41.00),
(766, 'b34', '201807', 'Voyage SNCF', '2018-07-01', 115.00),
(767, 'b34', '201807', 'location salle conférence', '2018-07-11', 547.00),
(768, 'b34', '201807', 'rémunération intervenant/spécialiste', '2018-07-03', 744.00),
(769, 'b34', '201808', 'location équipement vidéo/sonore', '2018-08-08', 474.00),
(770, 'b34', '201808', 'achat de matériel de papèterie', '2018-08-15', 47.00),
(771, 'b34', '201808', 'Voyage SNCF', '2018-08-23', 49.00),
(772, 'b34', '201809', 'taxi', '2018-09-07', 44.00),
(773, 'b34', '201809', 'frais vestimentaire/représentation', '2018-09-10', 353.00),
(774, 'b34', '201810', 'location véhicule', '2018-10-12', 318.00),
(775, 'b34', '201810', 'rémunération intervenant/spécialiste', '2018-10-02', 271.00),
(776, 'b34', '201810', 'traiteur, alimentation, boisson', '2018-10-17', 255.00),
(777, 'b34', '201811', 'traiteur, alimentation, boisson', '2018-11-11', 263.00),
(778, 'b34', '201811', 'taxi', '2018-11-07', 57.00),
(779, 'b34', '201811', 'location salle conférence', '2018-11-07', 465.00),
(780, 'b34', '201811', 'frais vestimentaire/représentation', '2018-11-16', 53.00),
(781, 'b34', '201811', 'taxi', '2018-11-21', 44.00),
(782, 'b34', '201812', 'Voyage SNCF', '2018-12-03', 66.00),
(783, 'b34', '201812', 'Voyage SNCF', '2018-12-10', 105.00),
(784, 'b34', '201812', 'location équipement vidéo/sonore', '2018-12-17', 773.00),
(785, 'b34', '201901', 'location salle conférence', '2019-01-28', 528.00),
(786, 'b34', '201902', 'taxi', '2019-02-20', 29.00),
(787, 'b34', '201902', 'location véhicule', '2019-02-14', 348.00),
(788, 'b34', '201902', 'taxi', '2019-02-16', 32.00),
(789, 'b34', '201904', 'achat de matériel de papèterie', '2019-04-28', 14.00),
(790, 'b34', '201904', 'location véhicule', '2019-04-05', 197.00),
(791, 'b34', '201904', 'location véhicule', '2019-04-23', 39.00),
(792, 'b34', '201906', 'frais vestimentaire/représentation', '2019-06-24', 381.00),
(793, 'b34', '201906', 'location équipement vidéo/sonore', '2019-06-01', 463.00),
(794, 'b34', '201906', 'taxi', '2019-06-28', 80.00),
(795, 'b34', '201907', 'location équipement vidéo/sonore', '2019-07-21', 740.00),
(796, 'b34', '201907', 'rémunération intervenant/spécialiste', '2019-07-25', 1089.00),
(797, 'b34', '201907', 'frais vestimentaire/représentation', '2019-07-07', 215.00),
(798, 'b34', '201907', 'Voyage SNCF', '2019-07-22', 62.00),
(799, 'b34', '201907', 'location véhicule', '2019-07-04', 172.00),
(800, 'b34', '201907', 'location équipement vidéo/sonore', '2019-07-07', 584.00),
(801, 'b34', '201908', 'achat de matériel de papèterie', '2019-08-24', 37.00),
(802, 'b34', '201909', 'rémunération intervenant/spécialiste', '2019-09-24', 581.00),
(803, 'b34', '201909', 'traiteur, alimentation, boisson', '2019-09-11', 418.00),
(804, 'b34', '201910', 'location équipement vidéo/sonore', '2019-10-12', 846.00),
(805, 'b34', '201910', 'traiteur, alimentation, boisson', '2019-10-28', 323.00),
(806, 'b34', '201910', 'traiteur, alimentation, boisson', '2019-10-27', 143.00),
(807, 'b34', '201911', 'location salle conférence', '2019-11-21', 147.00),
(808, 'b34', '201912', 'Voyage SNCF', '2019-12-16', 125.00),
(809, 'b34', '201912', 'taxi', '2019-12-13', 40.00),
(810, 'b34', '201912', 'achat de matériel de papèterie', '2019-12-24', 45.00),
(811, 'b34', '201912', 'location équipement vidéo/sonore', '2019-12-02', 550.00),
(812, 'b34', '201912', 'traiteur, alimentation, boisson', '2019-12-08', 180.00),
(813, 'b34', '202001', 'location salle conférence', '2020-01-22', 478.00),
(814, 'b34', '202001', 'location salle conférence', '2020-01-26', 547.00),
(815, 'b34', '202001', 'traiteur, alimentation, boisson', '2020-01-14', 218.00),
(816, 'b34', '202001', 'Voyage SNCF', '2020-01-03', 62.00),
(817, 'b34', '202002', 'rémunération intervenant/spécialiste', '2020-02-16', 804.00),
(818, 'b34', '202002', 'location véhicule', '2020-02-26', 78.00),
(819, 'b4', '201801', 'achat de matériel de papèterie', '2018-01-10', 10.00),
(820, 'b4', '201801', 'location salle conférence', '2018-01-16', 626.00),
(821, 'b4', '201801', 'location salle conférence', '2018-01-13', 335.00),
(822, 'b4', '201802', 'traiteur, alimentation, boisson', '2018-02-06', 246.00),
(823, 'b4', '201802', 'location salle conférence', '2018-02-11', 608.00),
(824, 'b4', '201802', 'location véhicule', '2018-02-05', 352.00),
(825, 'b4', '201803', 'repas avec praticien', '2018-03-18', 37.00),
(826, 'b4', '201803', 'frais vestimentaire/représentation', '2018-03-18', 266.00),
(827, 'b4', '201803', 'achat de matériel de papèterie', '2018-03-05', 46.00),
(828, 'b4', '201803', 'traiteur, alimentation, boisson', '2018-03-28', 330.00),
(829, 'b4', '201803', 'Voyage SNCF', '2018-03-09', 51.00),
(830, 'b4', '201804', 'taxi', '2018-04-27', 53.00),
(831, 'b4', '201804', 'frais vestimentaire/représentation', '2018-04-26', 339.00),
(832, 'b4', '201804', 'traiteur, alimentation, boisson', '2018-04-08', 249.00),
(833, 'b4', '201804', 'achat de matériel de papèterie', '2018-04-12', 46.00),
(834, 'b4', '201805', 'location salle conférence', '2018-05-25', 329.00),
(835, 'b4', '201805', 'repas avec praticien', '2018-05-16', 37.00),
(836, 'b4', '201806', 'repas avec praticien', '2018-06-20', 40.00),
(837, 'b4', '201807', 'taxi', '2018-07-05', 62.00),
(838, 'b4', '201807', 'location salle conférence', '2018-07-14', 330.00),
(839, 'b4', '201807', 'Voyage SNCF', '2018-07-08', 142.00),
(840, 'b4', '201808', 'achat de matériel de papèterie', '2018-08-06', 49.00),
(841, 'b4', '201808', 'frais vestimentaire/représentation', '2018-08-02', 340.00),
(842, 'b4', '201808', 'location salle conférence', '2018-08-16', 447.00),
(843, 'b4', '201808', 'repas avec praticien', '2018-08-23', 34.00),
(844, 'b4', '201808', 'achat de matériel de papèterie', '2018-08-12', 19.00),
(845, 'b4', '201808', 'location équipement vidéo/sonore', '2018-08-28', 500.00),
(846, 'b4', '201809', 'rémunération intervenant/spécialiste', '2018-09-06', 684.00),
(847, 'b4', '201809', 'rémunération intervenant/spécialiste', '2018-09-11', 435.00),
(848, 'b4', '201810', 'Voyage SNCF', '2018-10-24', 118.00),
(849, 'b4', '201810', 'taxi', '2018-10-23', 65.00),
(850, 'b4', '201810', 'achat de matériel de papèterie', '2018-10-22', 13.00),
(851, 'b4', '201810', 'taxi', '2018-10-02', 51.00),
(852, 'b4', '201810', 'location salle conférence', '2018-10-19', 543.00),
(853, 'b4', '201811', 'location véhicule', '2018-11-10', 279.00),
(854, 'b4', '201811', 'taxi', '2018-11-01', 23.00),
(855, 'b4', '201811', 'Voyage SNCF', '2018-11-16', 136.00),
(856, 'b4', '201811', 'repas avec praticien', '2018-11-11', 34.00),
(857, 'b4', '201811', 'location véhicule', '2018-11-19', 407.00),
(858, 'b4', '201812', 'rémunération intervenant/spécialiste', '2018-12-03', 319.00),
(859, 'b4', '201812', 'location véhicule', '2018-12-08', 422.00),
(860, 'b4', '201901', 'achat de matériel de papèterie', '2019-01-20', 23.00),
(861, 'b4', '201901', 'location salle conférence', '2019-01-24', 131.00),
(862, 'b4', '201901', 'rémunération intervenant/spécialiste', '2019-01-07', 596.00),
(863, 'b4', '201901', 'achat de matériel de papèterie', '2019-01-27', 15.00),
(864, 'b4', '201902', 'repas avec praticien', '2019-02-28', 38.00),
(865, 'b4', '201902', 'location équipement vidéo/sonore', '2019-02-11', 262.00),
(866, 'b4', '201902', 'Voyage SNCF', '2019-02-02', 103.00),
(867, 'b4', '201903', 'location équipement vidéo/sonore', '2019-03-17', 270.00),
(868, 'b4', '201903', 'location véhicule', '2019-03-07', 206.00),
(869, 'b4', '201903', 'achat de matériel de papèterie', '2019-03-25', 30.00),
(870, 'b4', '201903', 'repas avec praticien', '2019-03-17', 31.00),
(871, 'b4', '201903', 'location équipement vidéo/sonore', '2019-03-19', 372.00),
(872, 'b4', '201904', 'taxi', '2019-04-15', 39.00),
(873, 'b4', '201904', 'frais vestimentaire/représentation', '2019-04-27', 388.00),
(874, 'b4', '201904', 'taxi', '2019-04-18', 33.00),
(875, 'b4', '201904', 'achat de matériel de papèterie', '2019-04-06', 31.00),
(876, 'b4', '201904', 'traiteur, alimentation, boisson', '2019-04-26', 257.00),
(877, 'b4', '201905', 'Voyage SNCF', '2019-05-11', 149.00),
(878, 'b4', '201905', 'location équipement vidéo/sonore', '2019-05-21', 831.00),
(879, 'b4', '201905', 'location salle conférence', '2019-05-18', 344.00),
(880, 'b4', '201905', 'rémunération intervenant/spécialiste', '2019-05-17', 924.00),
(881, 'b4', '201905', 'location véhicule', '2019-05-17', 265.00),
(882, 'b4', '201906', 'achat de matériel de papèterie', '2019-06-03', 42.00),
(883, 'b4', '201906', 'frais vestimentaire/représentation', '2019-06-18', 375.00),
(884, 'b4', '201907', 'frais vestimentaire/représentation', '2019-07-18', 74.00),
(885, 'b4', '201908', 'taxi', '2019-08-15', 21.00),
(886, 'b4', '201908', 'taxi', '2019-08-01', 63.00),
(887, 'b4', '201908', 'rémunération intervenant/spécialiste', '2019-08-22', 964.00),
(888, 'b4', '201908', 'taxi', '2019-08-28', 75.00),
(889, 'b4', '201909', 'location équipement vidéo/sonore', '2019-09-14', 448.00),
(890, 'b4', '201910', 'Voyage SNCF', '2019-10-08', 45.00),
(891, 'b4', '201911', 'frais vestimentaire/représentation', '2019-11-19', 220.00),
(892, 'b4', '201912', 'rémunération intervenant/spécialiste', '2019-12-07', 603.00),
(893, 'b4', '201912', 'location véhicule', '2019-12-19', 290.00),
(894, 'b4', '201912', 'rémunération intervenant/spécialiste', '2019-12-28', 593.00),
(895, 'b4', '202001', 'traiteur, alimentation, boisson', '2020-01-28', 284.00),
(896, 'b4', '202001', 'frais vestimentaire/représentation', '2020-01-21', 418.00),
(897, 'b4', '202002', 'rémunération intervenant/spécialiste', '2020-02-07', 757.00),
(898, 'b50', '201801', 'location véhicule', '2018-01-07', 137.00),
(899, 'b50', '201802', 'location équipement vidéo/sonore', '2018-02-13', 305.00),
(900, 'b50', '201802', 'location équipement vidéo/sonore', '2018-02-18', 710.00),
(901, 'b50', '201802', 'frais vestimentaire/représentation', '2018-02-02', 324.00),
(902, 'b50', '201803', 'rémunération intervenant/spécialiste', '2018-03-22', 953.00),
(903, 'b50', '201803', 'repas avec praticien', '2018-03-20', 50.00),
(904, 'b50', '201803', 'rémunération intervenant/spécialiste', '2018-03-15', 473.00),
(905, 'b50', '201803', 'achat de matériel de papèterie', '2018-03-28', 19.00),
(906, 'b50', '201803', 'rémunération intervenant/spécialiste', '2018-03-06', 325.00),
(907, 'b50', '201803', 'repas avec praticien', '2018-03-10', 47.00),
(908, 'b50', '201804', 'location équipement vidéo/sonore', '2018-04-21', 259.00),
(909, 'b50', '201804', 'location équipement vidéo/sonore', '2018-04-25', 633.00),
(910, 'b50', '201804', 'taxi', '2018-04-11', 72.00),
(911, 'b50', '201804', 'location véhicule', '2018-04-11', 37.00),
(912, 'b50', '201805', 'repas avec praticien', '2018-05-16', 46.00),
(913, 'b50', '201805', 'location équipement vidéo/sonore', '2018-05-16', 218.00),
(914, 'b50', '201805', 'location salle conférence', '2018-05-01', 358.00),
(915, 'b50', '201805', 'traiteur, alimentation, boisson', '2018-05-20', 372.00),
(916, 'b50', '201805', 'rémunération intervenant/spécialiste', '2018-05-24', 421.00),
(917, 'b50', '201806', 'achat de matériel de papèterie', '2018-06-19', 20.00),
(918, 'b50', '201807', 'repas avec praticien', '2018-07-13', 47.00),
(919, 'b50', '201807', 'traiteur, alimentation, boisson', '2018-07-17', 194.00),
(920, 'b50', '201808', 'achat de matériel de papèterie', '2018-08-25', 38.00),
(921, 'b50', '201808', 'location salle conférence', '2018-08-28', 377.00),
(922, 'b50', '201808', 'achat de matériel de papèterie', '2018-08-10', 22.00),
(923, 'b50', '201809', 'frais vestimentaire/représentation', '2018-09-16', 315.00),
(924, 'b50', '201809', 'taxi', '2018-09-05', 55.00),
(925, 'b50', '201809', 'rémunération intervenant/spécialiste', '2018-09-15', 858.00),
(926, 'b50', '201809', 'rémunération intervenant/spécialiste', '2018-09-13', 631.00),
(927, 'b50', '201809', 'location véhicule', '2018-09-06', 350.00),
(928, 'b50', '201809', 'location salle conférence', '2018-09-23', 459.00),
(929, 'b50', '201810', 'achat de matériel de papèterie', '2018-10-07', 37.00),
(930, 'b50', '201810', 'taxi', '2018-10-04', 28.00),
(931, 'b50', '201811', 'location véhicule', '2018-11-02', 292.00),
(932, 'b50', '201811', 'taxi', '2018-11-19', 77.00),
(933, 'b50', '201812', 'taxi', '2018-12-19', 23.00),
(934, 'b50', '201812', 'taxi', '2018-12-24', 45.00),
(935, 'b50', '201812', 'traiteur, alimentation, boisson', '2018-12-28', 37.00),
(936, 'b50', '201901', 'taxi', '2019-01-20', 40.00),
(937, 'b50', '201901', 'Voyage SNCF', '2019-01-25', 71.00),
(938, 'b50', '201901', 'frais vestimentaire/représentation', '2019-01-09', 446.00),
(939, 'b50', '201901', 'traiteur, alimentation, boisson', '2019-01-10', 396.00),
(940, 'b50', '201902', 'traiteur, alimentation, boisson', '2019-02-14', 224.00),
(941, 'b50', '201902', 'taxi', '2019-02-27', 71.00),
(942, 'b50', '201903', 'Voyage SNCF', '2019-03-23', 77.00),
(943, 'b50', '201904', 'repas avec praticien', '2019-04-06', 31.00),
(944, 'b50', '201904', 'location équipement vidéo/sonore', '2019-04-06', 543.00),
(945, 'b50', '201904', 'frais vestimentaire/représentation', '2019-04-03', 411.00),
(946, 'b50', '201904', 'repas avec praticien', '2019-04-14', 38.00),
(947, 'b50', '201904', 'location équipement vidéo/sonore', '2019-04-08', 364.00),
(948, 'b50', '201905', 'traiteur, alimentation, boisson', '2019-05-13', 281.00),
(949, 'b50', '201905', 'location salle conférence', '2019-05-01', 387.00),
(950, 'b50', '201905', 'traiteur, alimentation, boisson', '2019-05-05', 316.00),
(951, 'b50', '201905', 'taxi', '2019-05-03', 34.00),
(952, 'b50', '201905', 'location équipement vidéo/sonore', '2019-05-16', 108.00),
(953, 'b50', '201905', 'location équipement vidéo/sonore', '2019-05-16', 699.00),
(954, 'b50', '201906', 'frais vestimentaire/représentation', '2019-06-17', 327.00),
(955, 'b50', '201906', 'rémunération intervenant/spécialiste', '2019-06-23', 310.00),
(956, 'b50', '201906', 'location véhicule', '2019-06-12', 147.00),
(957, 'b50', '201906', 'achat de matériel de papèterie', '2019-06-25', 25.00),
(958, 'b50', '201906', 'rémunération intervenant/spécialiste', '2019-06-18', 509.00),
(959, 'b50', '201906', 'taxi', '2019-06-10', 41.00),
(960, 'b50', '201907', 'frais vestimentaire/représentation', '2019-07-05', 210.00),
(961, 'b50', '201908', 'traiteur, alimentation, boisson', '2019-08-18', 129.00),
(962, 'b50', '201908', 'location salle conférence', '2019-08-11', 205.00),
(963, 'b50', '201908', 'location salle conférence', '2019-08-03', 370.00),
(964, 'b50', '201909', 'traiteur, alimentation, boisson', '2019-09-08', 241.00),
(965, 'b50', '201909', 'location salle conférence', '2019-09-11', 380.00),
(966, 'b50', '201910', 'repas avec praticien', '2019-10-28', 48.00),
(967, 'b50', '201910', 'repas avec praticien', '2019-10-01', 31.00),
(968, 'b50', '201910', 'repas avec praticien', '2019-10-20', 50.00),
(969, 'b50', '201911', 'traiteur, alimentation, boisson', '2019-11-06', 52.00),
(970, 'b50', '201911', 'location équipement vidéo/sonore', '2019-11-09', 648.00),
(971, 'b50', '201911', 'traiteur, alimentation, boisson', '2019-11-15', 387.00),
(972, 'b50', '201911', 'taxi', '2019-11-24', 23.00),
(973, 'b50', '201911', 'traiteur, alimentation, boisson', '2019-11-05', 393.00),
(974, 'b50', '201912', 'location équipement vidéo/sonore', '2019-12-15', 136.00),
(975, 'b50', '201912', 'achat de matériel de papèterie', '2019-12-08', 33.00),
(976, 'b50', '201912', 'location salle conférence', '2019-12-04', 487.00),
(977, 'b50', '201912', 'achat de matériel de papèterie', '2019-12-23', 20.00),
(978, 'b50', '202001', 'location équipement vidéo/sonore', '2020-01-26', 319.00),
(979, 'b50', '202001', 'location salle conférence', '2020-01-03', 291.00),
(980, 'b50', '202002', 'taxi', '2020-02-28', 44.00),
(981, 'b50', '202002', 'frais vestimentaire/représentation', '2020-02-02', 412.00),
(982, 'b50', '202002', 'rémunération intervenant/spécialiste', '2020-02-12', 629.00),
(983, 'b50', '202002', 'frais vestimentaire/représentation', '2020-02-03', 356.00),
(984, 'b50', '202002', 'frais vestimentaire/représentation', '2020-02-16', 394.00),
(985, 'b59', '201801', 'location équipement vidéo/sonore', '2018-01-05', 142.00),
(986, 'b59', '201801', 'traiteur, alimentation, boisson', '2018-01-18', 378.00),
(987, 'b59', '201801', 'Voyage SNCF', '2018-01-28', 55.00),
(988, 'b59', '201802', 'traiteur, alimentation, boisson', '2018-02-13', 152.00),
(989, 'b59', '201802', 'location véhicule', '2018-02-18', 421.00),
(990, 'b59', '201802', 'frais vestimentaire/représentation', '2018-02-09', 423.00),
(991, 'b59', '201803', 'rémunération intervenant/spécialiste', '2018-03-18', 977.00),
(992, 'b59', '201803', 'rémunération intervenant/spécialiste', '2018-03-19', 851.00),
(993, 'b59', '201804', 'Voyage SNCF', '2018-04-09', 51.00),
(994, 'b59', '201804', 'frais vestimentaire/représentation', '2018-04-15', 85.00),
(995, 'b59', '201804', 'repas avec praticien', '2018-04-09', 48.00),
(996, 'b59', '201805', 'taxi', '2018-05-02', 29.00),
(997, 'b59', '201805', 'traiteur, alimentation, boisson', '2018-05-01', 215.00),
(998, 'b59', '201805', 'rémunération intervenant/spécialiste', '2018-05-05', 1162.00),
(999, 'b59', '201805', 'achat de matériel de papèterie', '2018-05-01', 49.00),
(1000, 'b59', '201805', 'location salle conférence', '2018-05-13', 232.00),
(1001, 'b59', '201805', 'frais vestimentaire/représentation', '2018-05-20', 174.00),
(1002, 'b59', '201806', 'achat de matériel de papèterie', '2018-06-27', 30.00),
(1003, 'b59', '201806', 'location équipement vidéo/sonore', '2018-06-13', 181.00),
(1004, 'b59', '201807', 'Voyage SNCF', '2018-07-06', 67.00),
(1005, 'b59', '201807', 'taxi', '2018-07-04', 63.00),
(1006, 'b59', '201807', 'taxi', '2018-07-21', 25.00),
(1007, 'b59', '201807', 'Voyage SNCF', '2018-07-22', 132.00),
(1008, 'b59', '201808', 'taxi', '2018-08-09', 72.00),
(1009, 'b59', '201808', 'taxi', '2018-08-03', 79.00),
(1010, 'b59', '201808', 'taxi', '2018-08-25', 50.00),
(1011, 'b59', '201809', 'location équipement vidéo/sonore', '2018-09-02', 109.00),
(1012, 'b59', '201809', 'location salle conférence', '2018-09-11', 221.00),
(1013, 'b59', '201809', 'frais vestimentaire/représentation', '2018-09-04', 176.00),
(1014, 'b59', '201809', 'achat de matériel de papèterie', '2018-09-28', 19.00),
(1015, 'b59', '201809', 'traiteur, alimentation, boisson', '2018-09-19', 31.00),
(1016, 'b59', '201809', 'frais vestimentaire/représentation', '2018-09-12', 352.00),
(1017, 'b59', '201811', 'location équipement vidéo/sonore', '2018-11-20', 258.00),
(1018, 'b59', '201811', 'Voyage SNCF', '2018-11-02', 42.00),
(1019, 'b59', '201811', 'rémunération intervenant/spécialiste', '2018-11-28', 1086.00),
(1020, 'b59', '201811', 'location équipement vidéo/sonore', '2018-11-18', 237.00),
(1021, 'b59', '201812', 'frais vestimentaire/représentation', '2018-12-22', 263.00),
(1022, 'b59', '201901', 'location véhicule', '2019-01-20', 354.00),
(1023, 'b59', '201901', 'rémunération intervenant/spécialiste', '2019-01-23', 367.00),
(1024, 'b59', '201901', 'location équipement vidéo/sonore', '2019-01-20', 214.00),
(1025, 'b59', '201901', 'repas avec praticien', '2019-01-26', 30.00),
(1026, 'b59', '201902', 'location équipement vidéo/sonore', '2019-02-14', 382.00),
(1027, 'b59', '201902', 'repas avec praticien', '2019-02-18', 38.00),
(1028, 'b59', '201903', 'traiteur, alimentation, boisson', '2019-03-02', 398.00),
(1029, 'b59', '201903', 'location véhicule', '2019-03-28', 383.00),
(1030, 'b59', '201904', 'rémunération intervenant/spécialiste', '2019-04-27', 870.00),
(1031, 'b59', '201904', 'frais vestimentaire/représentation', '2019-04-05', 225.00),
(1032, 'b59', '201904', 'location véhicule', '2019-04-08', 135.00),
(1033, 'b59', '201904', 'location équipement vidéo/sonore', '2019-04-13', 609.00),
(1034, 'b59', '201904', 'traiteur, alimentation, boisson', '2019-04-17', 97.00),
(1035, 'b59', '201904', 'location équipement vidéo/sonore', '2019-04-21', 807.00),
(1036, 'b59', '201905', 'achat de matériel de papèterie', '2019-05-11', 18.00),
(1037, 'b59', '201905', 'location équipement vidéo/sonore', '2019-05-03', 374.00),
(1038, 'b59', '201905', 'rémunération intervenant/spécialiste', '2019-05-18', 926.00),
(1039, 'b59', '201905', 'location équipement vidéo/sonore', '2019-05-06', 438.00),
(1040, 'b59', '201906', 'rémunération intervenant/spécialiste', '2019-06-11', 714.00),
(1041, 'b59', '201906', 'traiteur, alimentation, boisson', '2019-06-09', 55.00),
(1042, 'b59', '201906', 'Voyage SNCF', '2019-06-11', 72.00),
(1043, 'b59', '201907', 'frais vestimentaire/représentation', '2019-07-05', 167.00),
(1044, 'b59', '201908', 'traiteur, alimentation, boisson', '2019-08-02', 284.00),
(1045, 'b59', '201908', 'taxi', '2019-08-08', 73.00),
(1046, 'b59', '201908', 'achat de matériel de papèterie', '2019-08-20', 49.00),
(1047, 'b59', '201908', 'achat de matériel de papèterie', '2019-08-04', 36.00),
(1048, 'b59', '201909', 'location véhicule', '2019-09-12', 437.00),
(1049, 'b59', '201909', 'traiteur, alimentation, boisson', '2019-09-25', 435.00),
(1050, 'b59', '201909', 'repas avec praticien', '2019-09-18', 36.00),
(1051, 'b59', '201909', 'achat de matériel de papèterie', '2019-09-28', 49.00),
(1052, 'b59', '201909', 'Voyage SNCF', '2019-09-15', 68.00),
(1053, 'b59', '201910', 'location équipement vidéo/sonore', '2019-10-15', 461.00),
(1054, 'b59', '201911', 'rémunération intervenant/spécialiste', '2019-11-04', 1007.00),
(1055, 'b59', '201911', 'traiteur, alimentation, boisson', '2019-11-16', 81.00),
(1056, 'b59', '201912', 'repas avec praticien', '2019-12-15', 38.00),
(1057, 'b59', '201912', 'taxi', '2019-12-24', 55.00),
(1058, 'b59', '201912', 'frais vestimentaire/représentation', '2019-12-03', 316.00),
(1059, 'b59', '201912', 'location équipement vidéo/sonore', '2019-12-14', 795.00),
(1060, 'b59', '202001', 'traiteur, alimentation, boisson', '2020-01-23', 301.00),
(1061, 'b59', '202001', 'Voyage SNCF', '2020-01-01', 116.00),
(1062, 'b59', '202002', 'location équipement vidéo/sonore', '2020-02-24', 249.00),
(1063, 'b59', '202002', 'location équipement vidéo/sonore', '2020-02-22', 277.00),
(1064, 'b59', '202002', 'frais vestimentaire/représentation', '2020-02-16', 188.00),
(1065, 'b59', '202002', 'repas avec praticien', '2020-02-15', 39.00),
(1066, 'c14', '201801', 'location salle conférence', '2018-01-19', 228.00),
(1067, 'c14', '201801', 'location équipement vidéo/sonore', '2018-01-27', 303.00),
(1068, 'c14', '201801', 'achat de matériel de papèterie', '2018-01-23', 42.00),
(1069, 'c14', '201801', 'location salle conférence', '2018-01-27', 305.00),
(1070, 'c14', '201801', 'location salle conférence', '2018-01-14', 237.00),
(1071, 'c14', '201802', 'achat de matériel de papèterie', '2018-02-06', 48.00),
(1072, 'c14', '201802', 'frais vestimentaire/représentation', '2018-02-19', 308.00),
(1073, 'c14', '201802', 'location équipement vidéo/sonore', '2018-02-02', 602.00),
(1074, 'c14', '201802', 'taxi', '2018-02-21', 73.00),
(1075, 'c14', '201802', 'location véhicule', '2018-02-08', 363.00),
(1076, 'c14', '201803', 'achat de matériel de papèterie', '2018-03-02', 26.00),
(1077, 'c14', '201803', 'location véhicule', '2018-03-27', 122.00),
(1078, 'c14', '201803', 'achat de matériel de papèterie', '2018-03-05', 33.00),
(1079, 'c14', '201803', 'achat de matériel de papèterie', '2018-03-06', 10.00),
(1080, 'c14', '201804', 'taxi', '2018-04-28', 23.00),
(1081, 'c14', '201804', 'Voyage SNCF', '2018-04-05', 60.00),
(1082, 'c14', '201804', 'repas avec praticien', '2018-04-24', 48.00),
(1083, 'c14', '201804', 'repas avec praticien', '2018-04-24', 31.00),
(1084, 'c14', '201804', 'location véhicule', '2018-04-07', 154.00),
(1085, 'c14', '201804', 'location équipement vidéo/sonore', '2018-04-14', 141.00),
(1086, 'c14', '201805', 'rémunération intervenant/spécialiste', '2018-05-01', 1040.00),
(1087, 'c14', '201805', 'rémunération intervenant/spécialiste', '2018-05-11', 869.00),
(1088, 'c14', '201805', 'Voyage SNCF', '2018-05-10', 61.00),
(1089, 'c14', '201805', 'location salle conférence', '2018-05-13', 252.00),
(1090, 'c14', '201806', 'location véhicule', '2018-06-24', 175.00),
(1091, 'c14', '201806', 'location véhicule', '2018-06-08', 189.00),
(1092, 'c14', '201806', 'frais vestimentaire/représentation', '2018-06-15', 370.00),
(1093, 'c14', '201806', 'traiteur, alimentation, boisson', '2018-06-28', 274.00),
(1094, 'c14', '201807', 'taxi', '2018-07-10', 76.00),
(1095, 'c14', '201807', 'achat de matériel de papèterie', '2018-07-16', 40.00),
(1096, 'c14', '201807', 'frais vestimentaire/représentation', '2018-07-02', 150.00),
(1097, 'c14', '201807', 'traiteur, alimentation, boisson', '2018-07-03', 42.00),
(1098, 'c14', '201807', 'frais vestimentaire/représentation', '2018-07-13', 25.00),
(1099, 'c14', '201808', 'location équipement vidéo/sonore', '2018-08-22', 160.00),
(1100, 'c14', '201809', 'location équipement vidéo/sonore', '2018-09-22', 814.00),
(1101, 'c14', '201809', 'frais vestimentaire/représentation', '2018-09-19', 347.00),
(1102, 'c14', '201809', 'Voyage SNCF', '2018-09-17', 135.00),
(1103, 'c14', '201809', 'Voyage SNCF', '2018-09-13', 148.00),
(1104, 'c14', '201809', 'achat de matériel de papèterie', '2018-09-24', 39.00),
(1105, 'c14', '201810', 'repas avec praticien', '2018-10-04', 37.00),
(1106, 'c14', '201810', 'repas avec praticien', '2018-10-26', 49.00),
(1107, 'c14', '201810', 'frais vestimentaire/représentation', '2018-10-17', 137.00),
(1108, 'c14', '201810', 'frais vestimentaire/représentation', '2018-10-09', 84.00),
(1109, 'c14', '201810', 'location véhicule', '2018-10-02', 99.00),
(1110, 'c14', '201811', 'repas avec praticien', '2018-11-19', 44.00),
(1111, 'c14', '201811', 'location salle conférence', '2018-11-14', 496.00),
(1112, 'c14', '201812', 'frais vestimentaire/représentation', '2018-12-16', 323.00),
(1113, 'c14', '201812', 'repas avec praticien', '2018-12-20', 35.00),
(1114, 'c14', '201812', 'achat de matériel de papèterie', '2018-12-01', 10.00),
(1115, 'c14', '201901', 'repas avec praticien', '2019-01-26', 41.00),
(1116, 'c14', '201901', 'location équipement vidéo/sonore', '2019-01-15', 409.00),
(1117, 'c14', '201901', 'achat de matériel de papèterie', '2019-01-11', 19.00),
(1118, 'c14', '201902', 'location salle conférence', '2019-02-11', 217.00),
(1119, 'c14', '201902', 'rémunération intervenant/spécialiste', '2019-02-26', 1081.00),
(1120, 'c14', '201902', 'location salle conférence', '2019-02-16', 343.00),
(1121, 'c14', '201902', 'repas avec praticien', '2019-02-22', 37.00),
(1122, 'c14', '201903', 'Voyage SNCF', '2019-03-04', 40.00),
(1123, 'c14', '201903', 'achat de matériel de papèterie', '2019-03-17', 24.00),
(1124, 'c14', '201904', 'location équipement vidéo/sonore', '2019-04-01', 537.00),
(1125, 'c14', '201904', 'location équipement vidéo/sonore', '2019-04-22', 229.00),
(1126, 'c14', '201904', 'Voyage SNCF', '2019-04-01', 35.00),
(1127, 'c14', '201904', 'location salle conférence', '2019-04-19', 592.00),
(1128, 'c14', '201904', 'frais vestimentaire/représentation', '2019-04-19', 111.00),
(1129, 'c14', '201905', 'traiteur, alimentation, boisson', '2019-05-15', 311.00),
(1130, 'c14', '201905', 'achat de matériel de papèterie', '2019-05-09', 26.00),
(1131, 'c14', '201906', 'rémunération intervenant/spécialiste', '2019-06-03', 677.00),
(1132, 'c14', '201906', 'location équipement vidéo/sonore', '2019-06-28', 736.00),
(1133, 'c14', '201907', 'rémunération intervenant/spécialiste', '2019-07-19', 933.00),
(1134, 'c14', '201908', 'location équipement vidéo/sonore', '2019-08-24', 734.00),
(1135, 'c14', '201909', 'frais vestimentaire/représentation', '2019-09-12', 309.00),
(1136, 'c14', '201909', 'location salle conférence', '2019-09-21', 445.00),
(1137, 'c14', '201909', 'traiteur, alimentation, boisson', '2019-09-05', 37.00),
(1138, 'c14', '201910', 'taxi', '2019-10-18', 40.00),
(1139, 'c14', '201910', 'Voyage SNCF', '2019-10-13', 40.00),
(1140, 'c14', '201910', 'location salle conférence', '2019-10-10', 448.00),
(1141, 'c14', '201911', 'frais vestimentaire/représentation', '2019-11-09', 257.00),
(1142, 'c14', '201911', 'location équipement vidéo/sonore', '2019-11-17', 190.00),
(1143, 'c14', '201912', 'location équipement vidéo/sonore', '2019-12-02', 255.00),
(1144, 'c14', '201912', 'achat de matériel de papèterie', '2019-12-18', 34.00),
(1145, 'c14', '201912', 'location salle conférence', '2019-12-07', 578.00),
(1146, 'c14', '202001', 'traiteur, alimentation, boisson', '2020-01-06', 357.00),
(1147, 'c14', '202001', 'rémunération intervenant/spécialiste', '2020-01-24', 340.00),
(1148, 'c14', '202001', 'location équipement vidéo/sonore', '2020-01-23', 357.00),
(1149, 'c14', '202001', 'repas avec praticien', '2020-01-07', 32.00),
(1150, 'c14', '202002', 'frais vestimentaire/représentation', '2020-02-16', 161.00),
(1151, 'c3', '201801', 'location équipement vidéo/sonore', '2018-01-11', 719.00),
(1152, 'c3', '201801', 'taxi', '2018-01-20', 47.00),
(1153, 'c3', '201801', 'repas avec praticien', '2018-01-23', 40.00),
(1154, 'c3', '201801', 'location salle conférence', '2018-01-07', 489.00),
(1155, 'c3', '201801', 'location véhicule', '2018-01-01', 319.00),
(1156, 'c3', '201802', 'taxi', '2018-02-14', 44.00),
(1157, 'c3', '201802', 'repas avec praticien', '2018-02-07', 33.00),
(1158, 'c3', '201802', 'frais vestimentaire/représentation', '2018-02-14', 282.00),
(1159, 'c3', '201803', 'location équipement vidéo/sonore', '2018-03-06', 132.00),
(1160, 'c3', '201803', 'frais vestimentaire/représentation', '2018-03-20', 426.00),
(1161, 'c3', '201803', 'location équipement vidéo/sonore', '2018-03-21', 144.00),
(1162, 'c3', '201803', 'traiteur, alimentation, boisson', '2018-03-08', 448.00),
(1163, 'c3', '201803', 'repas avec praticien', '2018-03-12', 39.00),
(1164, 'c3', '201804', 'location véhicule', '2018-04-01', 83.00),
(1165, 'c3', '201804', 'Voyage SNCF', '2018-04-23', 119.00),
(1166, 'c3', '201804', 'achat de matériel de papèterie', '2018-04-19', 13.00),
(1167, 'c3', '201805', 'taxi', '2018-05-10', 30.00),
(1168, 'c3', '201805', 'achat de matériel de papèterie', '2018-05-02', 11.00),
(1169, 'c3', '201805', 'achat de matériel de papèterie', '2018-05-17', 24.00),
(1170, 'c3', '201805', 'frais vestimentaire/représentation', '2018-05-27', 251.00),
(1171, 'c3', '201806', 'Voyage SNCF', '2018-06-21', 109.00),
(1172, 'c3', '201806', 'location équipement vidéo/sonore', '2018-06-01', 849.00),
(1173, 'c3', '201807', 'frais vestimentaire/représentation', '2018-07-28', 64.00),
(1174, 'c3', '201807', 'achat de matériel de papèterie', '2018-07-10', 19.00),
(1175, 'c3', '201807', 'Voyage SNCF', '2018-07-10', 71.00),
(1176, 'c3', '201807', 'location véhicule', '2018-07-07', 31.00),
(1177, 'c3', '201807', 'location salle conférence', '2018-07-20', 524.00),
(1178, 'c3', '201808', 'achat de matériel de papèterie', '2018-08-09', 46.00),
(1179, 'c3', '201808', 'rémunération intervenant/spécialiste', '2018-08-22', 905.00),
(1180, 'c3', '201808', 'location équipement vidéo/sonore', '2018-08-01', 308.00),
(1181, 'c3', '201808', 'taxi', '2018-08-09', 67.00),
(1182, 'c3', '201809', 'traiteur, alimentation, boisson', '2018-09-25', 389.00),
(1183, 'c3', '201809', 'Voyage SNCF', '2018-09-28', 56.00),
(1184, 'c3', '201810', 'Voyage SNCF', '2018-10-26', 143.00),
(1185, 'c3', '201811', 'location salle conférence', '2018-11-09', 352.00),
(1186, 'c3', '201811', 'traiteur, alimentation, boisson', '2018-11-01', 148.00),
(1187, 'c3', '201811', 'location salle conférence', '2018-11-25', 619.00),
(1188, 'c3', '201811', 'repas avec praticien', '2018-11-03', 47.00),
(1189, 'c3', '201811', 'frais vestimentaire/représentation', '2018-11-15', 159.00),
(1190, 'c3', '201811', 'location salle conférence', '2018-11-23', 585.00),
(1191, 'c3', '201812', 'rémunération intervenant/spécialiste', '2018-12-03', 787.00),
(1192, 'c3', '201812', 'location salle conférence', '2018-12-07', 514.00),
(1193, 'c3', '201812', 'location équipement vidéo/sonore', '2018-12-22', 734.00),
(1194, 'c3', '201812', 'location salle conférence', '2018-12-22', 207.00),
(1195, 'c3', '201812', 'traiteur, alimentation, boisson', '2018-12-05', 248.00),
(1196, 'c3', '201812', 'Voyage SNCF', '2018-12-19', 35.00),
(1197, 'c3', '201901', 'traiteur, alimentation, boisson', '2019-01-04', 444.00),
(1198, 'c3', '201902', 'Voyage SNCF', '2019-02-14', 63.00),
(1199, 'c3', '201902', 'rémunération intervenant/spécialiste', '2019-02-13', 396.00),
(1200, 'c3', '201902', 'repas avec praticien', '2019-02-06', 45.00),
(1201, 'c3', '201902', 'location équipement vidéo/sonore', '2019-02-25', 455.00),
(1202, 'c3', '201903', 'Voyage SNCF', '2019-03-15', 112.00),
(1203, 'c3', '201903', 'Voyage SNCF', '2019-03-18', 120.00),
(1204, 'c3', '201904', 'frais vestimentaire/représentation', '2019-04-27', 430.00),
(1205, 'c3', '201904', 'location salle conférence', '2019-04-12', 455.00),
(1206, 'c3', '201904', 'taxi', '2019-04-03', 59.00),
(1207, 'c3', '201904', 'traiteur, alimentation, boisson', '2019-04-09', 31.00),
(1208, 'c3', '201904', 'location véhicule', '2019-04-06', 410.00),
(1209, 'c3', '201905', 'rémunération intervenant/spécialiste', '2019-05-08', 653.00),
(1210, 'c3', '201905', 'rémunération intervenant/spécialiste', '2019-05-18', 688.00),
(1211, 'c3', '201905', 'location véhicule', '2019-05-15', 203.00),
(1212, 'c3', '201905', 'achat de matériel de papèterie', '2019-05-10', 27.00),
(1213, 'c3', '201905', 'taxi', '2019-05-06', 27.00),
(1214, 'c3', '201906', 'location véhicule', '2019-06-14', 49.00),
(1215, 'c3', '201907', 'achat de matériel de papèterie', '2019-07-28', 15.00),
(1216, 'c3', '201908', 'location véhicule', '2019-08-20', 236.00),
(1217, 'c3', '201908', 'location salle conférence', '2019-08-10', 346.00),
(1218, 'c3', '201908', 'frais vestimentaire/représentation', '2019-08-23', 196.00),
(1219, 'c3', '201908', 'location salle conférence', '2019-08-13', 236.00),
(1220, 'c3', '201908', 'location salle conférence', '2019-08-18', 400.00),
(1221, 'c3', '201908', 'rémunération intervenant/spécialiste', '2019-08-12', 526.00),
(1222, 'c3', '201909', 'location véhicule', '2019-09-26', 332.00),
(1223, 'c3', '201909', 'location salle conférence', '2019-09-02', 492.00),
(1224, 'c3', '201910', 'taxi', '2019-10-24', 55.00),
(1225, 'c3', '201910', 'Voyage SNCF', '2019-10-23', 143.00),
(1226, 'c3', '201910', 'frais vestimentaire/représentation', '2019-10-25', 282.00),
(1227, 'c3', '201910', 'location salle conférence', '2019-10-13', 398.00),
(1228, 'c3', '201910', 'location véhicule', '2019-10-18', 407.00),
(1229, 'c3', '201912', 'location véhicule', '2019-12-13', 368.00),
(1230, 'c3', '201912', 'taxi', '2019-12-25', 22.00),
(1231, 'c3', '201912', 'taxi', '2019-12-01', 64.00),
(1232, 'c3', '201912', 'taxi', '2019-12-02', 23.00),
(1233, 'c3', '201912', 'Voyage SNCF', '2019-12-22', 35.00),
(1234, 'c3', '202001', 'rémunération intervenant/spécialiste', '2020-01-21', 934.00),
(1235, 'c3', '202001', 'Voyage SNCF', '2020-01-07', 134.00),
(1236, 'c3', '202001', 'location équipement vidéo/sonore', '2020-01-11', 212.00),
(1237, 'c3', '202002', 'location salle conférence', '2020-02-10', 479.00),
(1238, 'c3', '202002', 'location véhicule', '2020-02-02', 332.00),
(1239, 'c3', '202002', 'frais vestimentaire/représentation', '2020-02-13', 450.00),
(1240, 'c3', '202002', 'location véhicule', '2020-02-24', 226.00),
(1241, 'c3', '202002', 'rémunération intervenant/spécialiste', '2020-02-12', 260.00),
(1242, 'c3', '202002', 'Voyage SNCF', '2020-02-23', 71.00),
(1243, 'c54', '201801', 'achat de matériel de papèterie', '2018-01-09', 50.00),
(1244, 'c54', '201801', 'location équipement vidéo/sonore', '2018-01-17', 798.00),
(1245, 'c54', '201801', 'location salle conférence', '2018-01-01', 627.00),
(1246, 'c54', '201801', 'rémunération intervenant/spécialiste', '2018-01-22', 312.00),
(1247, 'c54', '201801', 'location véhicule', '2018-01-22', 97.00),
(1248, 'c54', '201802', 'location véhicule', '2018-02-24', 303.00),
(1249, 'c54', '201802', 'frais vestimentaire/représentation', '2018-02-21', 417.00),
(1250, 'c54', '201803', 'achat de matériel de papèterie', '2018-03-19', 35.00),
(1251, 'c54', '201803', 'achat de matériel de papèterie', '2018-03-22', 34.00),
(1252, 'c54', '201803', 'location salle conférence', '2018-03-27', 430.00),
(1253, 'c54', '201803', 'traiteur, alimentation, boisson', '2018-03-02', 196.00),
(1254, 'c54', '201804', 'Voyage SNCF', '2018-04-21', 101.00),
(1255, 'c54', '201804', 'taxi', '2018-04-03', 79.00),
(1256, 'c54', '201804', 'repas avec praticien', '2018-04-23', 43.00),
(1257, 'c54', '201804', 'achat de matériel de papèterie', '2018-04-16', 41.00),
(1258, 'c54', '201805', 'achat de matériel de papèterie', '2018-05-09', 27.00),
(1259, 'c54', '201805', 'achat de matériel de papèterie', '2018-05-23', 26.00),
(1260, 'c54', '201805', 'repas avec praticien', '2018-05-06', 46.00),
(1261, 'c54', '201806', 'location salle conférence', '2018-06-26', 581.00),
(1262, 'c54', '201806', 'traiteur, alimentation, boisson', '2018-06-27', 260.00),
(1263, 'c54', '201806', 'traiteur, alimentation, boisson', '2018-06-02', 230.00),
(1264, 'c54', '201806', 'achat de matériel de papèterie', '2018-06-24', 26.00),
(1265, 'c54', '201807', 'rémunération intervenant/spécialiste', '2018-07-08', 1167.00),
(1266, 'c54', '201807', 'Voyage SNCF', '2018-07-19', 33.00),
(1267, 'c54', '201808', 'Voyage SNCF', '2018-08-11', 35.00),
(1268, 'c54', '201808', 'taxi', '2018-08-22', 69.00),
(1269, 'c54', '201808', 'taxi', '2018-08-21', 29.00),
(1270, 'c54', '201808', 'frais vestimentaire/représentation', '2018-08-17', 375.00),
(1271, 'c54', '201809', 'Voyage SNCF', '2018-09-21', 120.00),
(1272, 'c54', '201810', 'location salle conférence', '2018-10-19', 237.00),
(1273, 'c54', '201810', 'achat de matériel de papèterie', '2018-10-06', 10.00),
(1274, 'c54', '201810', 'achat de matériel de papèterie', '2018-10-02', 34.00),
(1275, 'c54', '201811', 'taxi', '2018-11-11', 48.00),
(1276, 'c54', '201811', 'Voyage SNCF', '2018-11-01', 127.00),
(1277, 'c54', '201811', 'traiteur, alimentation, boisson', '2018-11-09', 48.00),
(1278, 'c54', '201811', 'location équipement vidéo/sonore', '2018-11-23', 487.00),
(1279, 'c54', '201812', 'frais vestimentaire/représentation', '2018-12-19', 242.00),
(1280, 'c54', '201812', 'repas avec praticien', '2018-12-12', 37.00),
(1281, 'c54', '201812', 'taxi', '2018-12-10', 60.00),
(1282, 'c54', '201812', 'location véhicule', '2018-12-18', 344.00),
(1283, 'c54', '201901', 'repas avec praticien', '2019-01-05', 50.00),
(1284, 'c54', '201901', 'traiteur, alimentation, boisson', '2019-01-18', 396.00),
(1285, 'c54', '201901', 'location véhicule', '2019-01-24', 403.00),
(1286, 'c54', '201902', 'frais vestimentaire/représentation', '2019-02-19', 353.00),
(1287, 'c54', '201902', 'taxi', '2019-02-23', 32.00),
(1288, 'c54', '201902', 'rémunération intervenant/spécialiste', '2019-02-04', 271.00),
(1289, 'c54', '201903', 'traiteur, alimentation, boisson', '2019-03-20', 104.00),
(1290, 'c54', '201903', 'Voyage SNCF', '2019-03-07', 30.00),
(1291, 'c54', '201903', 'rémunération intervenant/spécialiste', '2019-03-19', 279.00),
(1292, 'c54', '201904', 'frais vestimentaire/représentation', '2019-04-04', 356.00),
(1293, 'c54', '201904', 'Voyage SNCF', '2019-04-19', 73.00),
(1294, 'c54', '201904', 'rémunération intervenant/spécialiste', '2019-04-18', 1194.00),
(1295, 'c54', '201904', 'location salle conférence', '2019-04-22', 340.00),
(1296, 'c54', '201905', 'location équipement vidéo/sonore', '2019-05-10', 847.00),
(1297, 'c54', '201905', 'rémunération intervenant/spécialiste', '2019-05-27', 266.00),
(1298, 'c54', '201905', 'rémunération intervenant/spécialiste', '2019-05-13', 779.00),
(1299, 'c54', '201905', 'location salle conférence', '2019-05-22', 291.00),
(1300, 'c54', '201905', 'location véhicule', '2019-05-22', 279.00),
(1301, 'c54', '201905', 'rémunération intervenant/spécialiste', '2019-05-18', 679.00),
(1302, 'c54', '201906', 'Voyage SNCF', '2019-06-05', 51.00),
(1303, 'c54', '201907', 'location équipement vidéo/sonore', '2019-07-26', 555.00),
(1304, 'c54', '201908', 'repas avec praticien', '2019-08-10', 41.00),
(1305, 'c54', '201908', 'location équipement vidéo/sonore', '2019-08-03', 215.00),
(1306, 'c54', '201909', 'location véhicule', '2019-09-16', 85.00),
(1307, 'c54', '201909', 'Voyage SNCF', '2019-09-24', 78.00),
(1308, 'c54', '201909', 'frais vestimentaire/représentation', '2019-09-17', 347.00),
(1309, 'c54', '201909', 'frais vestimentaire/représentation', '2019-09-17', 213.00),
(1310, 'c54', '201909', 'frais vestimentaire/représentation', '2019-09-06', 275.00),
(1311, 'c54', '201910', 'rémunération intervenant/spécialiste', '2019-10-23', 722.00),
(1312, 'c54', '201910', 'location équipement vidéo/sonore', '2019-10-16', 631.00),
(1313, 'c54', '201910', 'rémunération intervenant/spécialiste', '2019-10-22', 954.00),
(1314, 'c54', '201911', 'repas avec praticien', '2019-11-01', 37.00),
(1315, 'c54', '201911', 'location équipement vidéo/sonore', '2019-11-12', 243.00),
(1316, 'c54', '201911', 'Voyage SNCF', '2019-11-12', 58.00),
(1317, 'c54', '201912', 'traiteur, alimentation, boisson', '2019-12-08', 315.00),
(1318, 'c54', '201912', 'taxi', '2019-12-20', 25.00),
(1319, 'c54', '201912', 'taxi', '2019-12-18', 32.00),
(1320, 'c54', '201912', 'frais vestimentaire/représentation', '2019-12-11', 311.00),
(1321, 'c54', '201912', 'taxi', '2019-12-12', 26.00),
(1322, 'c54', '202001', 'location salle conférence', '2020-01-04', 513.00),
(1323, 'c54', '202001', 'Voyage SNCF', '2020-01-16', 149.00),
(1324, 'c54', '202001', 'location équipement vidéo/sonore', '2020-01-23', 358.00),
(1325, 'c54', '202001', 'traiteur, alimentation, boisson', '2020-01-07', 168.00),
(1326, 'c54', '202001', 'taxi', '2020-01-21', 41.00),
(1327, 'c54', '202002', 'rémunération intervenant/spécialiste', '2020-02-24', 295.00),
(1328, 'c54', '202002', 'Voyage SNCF', '2020-02-01', 109.00),
(1329, 'd13', '201801', 'achat de matériel de papèterie', '2018-01-03', 22.00),
(1330, 'd13', '201801', 'repas avec praticien', '2018-01-06', 30.00),
(1331, 'd13', '201801', 'taxi', '2018-01-15', 70.00),
(1332, 'd13', '201802', 'frais vestimentaire/représentation', '2018-02-18', 442.00),
(1333, 'd13', '201802', 'frais vestimentaire/représentation', '2018-02-16', 246.00),
(1334, 'd13', '201802', 'repas avec praticien', '2018-02-20', 31.00),
(1335, 'd13', '201803', 'rémunération intervenant/spécialiste', '2018-03-11', 561.00),
(1336, 'd13', '201803', 'location salle conférence', '2018-03-04', 275.00),
(1337, 'd13', '201803', 'location véhicule', '2018-03-03', 71.00),
(1338, 'd13', '201803', 'location équipement vidéo/sonore', '2018-03-18', 144.00),
(1339, 'd13', '201803', 'repas avec praticien', '2018-03-02', 45.00),
(1340, 'd13', '201804', 'location salle conférence', '2018-04-18', 614.00),
(1341, 'd13', '201805', 'Voyage SNCF', '2018-05-25', 70.00),
(1342, 'd13', '201806', 'location véhicule', '2018-06-09', 443.00),
(1343, 'd13', '201806', 'traiteur, alimentation, boisson', '2018-06-13', 385.00),
(1344, 'd13', '201806', 'frais vestimentaire/représentation', '2018-06-21', 404.00),
(1345, 'd13', '201806', 'traiteur, alimentation, boisson', '2018-06-02', 367.00),
(1346, 'd13', '201806', 'rémunération intervenant/spécialiste', '2018-06-19', 1194.00),
(1347, 'd13', '201807', 'traiteur, alimentation, boisson', '2018-07-24', 99.00),
(1348, 'd13', '201807', 'rémunération intervenant/spécialiste', '2018-07-22', 812.00),
(1349, 'd13', '201807', 'taxi', '2018-07-19', 27.00),
(1350, 'd13', '201808', 'frais vestimentaire/représentation', '2018-08-17', 246.00),
(1351, 'd13', '201808', 'Voyage SNCF', '2018-08-09', 70.00),
(1352, 'd13', '201808', 'traiteur, alimentation, boisson', '2018-08-14', 59.00),
(1353, 'd13', '201809', 'rémunération intervenant/spécialiste', '2018-09-03', 893.00),
(1354, 'd13', '201809', 'traiteur, alimentation, boisson', '2018-09-18', 324.00),
(1355, 'd13', '201809', 'location salle conférence', '2018-09-02', 351.00),
(1356, 'd13', '201809', 'location équipement vidéo/sonore', '2018-09-13', 488.00),
(1357, 'd13', '201810', 'location véhicule', '2018-10-23', 297.00),
(1358, 'd13', '201810', 'rémunération intervenant/spécialiste', '2018-10-20', 576.00),
(1359, 'd13', '201810', 'location salle conférence', '2018-10-14', 510.00),
(1360, 'd13', '201810', 'traiteur, alimentation, boisson', '2018-10-24', 67.00),
(1361, 'd13', '201811', 'repas avec praticien', '2018-11-24', 41.00),
(1362, 'd13', '201811', 'taxi', '2018-11-10', 24.00),
(1363, 'd13', '201812', 'Voyage SNCF', '2018-12-13', 146.00),
(1364, 'd13', '201812', 'repas avec praticien', '2018-12-12', 44.00),
(1365, 'd13', '201901', 'location véhicule', '2019-01-07', 420.00),
(1366, 'd13', '201901', 'rémunération intervenant/spécialiste', '2019-01-24', 1011.00),
(1367, 'd13', '201902', 'location véhicule', '2019-02-16', 51.00),
(1368, 'd13', '201902', 'rémunération intervenant/spécialiste', '2019-02-04', 740.00),
(1369, 'd13', '201902', 'Voyage SNCF', '2019-02-11', 105.00),
(1370, 'd13', '201903', 'taxi', '2019-03-28', 67.00),
(1371, 'd13', '201904', 'location équipement vidéo/sonore', '2019-04-28', 417.00),
(1372, 'd13', '201904', 'taxi', '2019-04-19', 22.00),
(1373, 'd13', '201904', 'Voyage SNCF', '2019-04-22', 106.00),
(1374, 'd13', '201904', 'rémunération intervenant/spécialiste', '2019-04-01', 263.00),
(1375, 'd13', '201905', 'Voyage SNCF', '2019-05-01', 48.00),
(1376, 'd13', '201905', 'location équipement vidéo/sonore', '2019-05-10', 691.00),
(1377, 'd13', '201905', 'achat de matériel de papèterie', '2019-05-02', 48.00),
(1378, 'd13', '201906', 'rémunération intervenant/spécialiste', '2019-06-13', 571.00),
(1379, 'd13', '201907', 'achat de matériel de papèterie', '2019-07-04', 38.00),
(1380, 'd13', '201907', 'traiteur, alimentation, boisson', '2019-07-08', 322.00),
(1381, 'd13', '201907', 'location salle conférence', '2019-07-25', 611.00),
(1382, 'd13', '201907', 'location véhicule', '2019-07-22', 165.00),
(1383, 'd13', '201907', 'location véhicule', '2019-07-24', 36.00),
(1384, 'd13', '201908', 'repas avec praticien', '2019-08-27', 34.00),
(1385, 'd13', '201908', 'rémunération intervenant/spécialiste', '2019-08-13', 1087.00),
(1386, 'd13', '201908', 'location véhicule', '2019-08-08', 113.00),
(1387, 'd13', '201908', 'location équipement vidéo/sonore', '2019-08-14', 732.00),
(1388, 'd13', '201908', 'taxi', '2019-08-20', 70.00),
(1389, 'd13', '201909', 'achat de matériel de papèterie', '2019-09-22', 39.00);
INSERT INTO `lignefraishorsforfait` (`idLigneFraisForfait`, `idVisiteur`, `mois`, `libelle`, `date`, `montant`) VALUES
(1390, 'd13', '201909', 'traiteur, alimentation, boisson', '2019-09-24', 37.00),
(1391, 'd13', '201909', 'achat de matériel de papèterie', '2019-09-02', 13.00),
(1392, 'd13', '201909', 'repas avec praticien', '2019-09-21', 47.00),
(1393, 'd13', '201910', 'location véhicule', '2019-10-15', 140.00),
(1394, 'd13', '201910', 'location salle conférence', '2019-10-07', 627.00),
(1395, 'd13', '201910', 'location salle conférence', '2019-10-10', 491.00),
(1396, 'd13', '201910', 'repas avec praticien', '2019-10-26', 39.00),
(1397, 'd13', '201910', 'rémunération intervenant/spécialiste', '2019-10-06', 1065.00),
(1398, 'd13', '201911', 'frais vestimentaire/représentation', '2019-11-28', 108.00),
(1399, 'd13', '201911', 'traiteur, alimentation, boisson', '2019-11-15', 374.00),
(1400, 'd13', '201912', 'frais vestimentaire/représentation', '2019-12-01', 396.00),
(1401, 'd13', '201912', 'location véhicule', '2019-12-06', 136.00),
(1402, 'd13', '201912', 'traiteur, alimentation, boisson', '2019-12-08', 251.00),
(1403, 'd13', '201912', 'location équipement vidéo/sonore', '2019-12-14', 240.00),
(1404, 'd13', '201912', 'location salle conférence', '2019-12-27', 180.00),
(1405, 'd13', '202001', 'Voyage SNCF', '2020-01-20', 72.00),
(1406, 'd13', '202001', 'achat de matériel de papèterie', '2020-01-20', 20.00),
(1407, 'd13', '202002', 'location salle conférence', '2020-02-23', 517.00),
(1408, 'd13', '202002', 'location équipement vidéo/sonore', '2020-02-21', 296.00),
(1409, 'd13', '202002', 'achat de matériel de papèterie', '2020-02-02', 26.00),
(1410, 'd13', '202002', 'traiteur, alimentation, boisson', '2020-02-04', 259.00),
(1411, 'd13', '202002', 'frais vestimentaire/représentation', '2020-02-06', 138.00),
(1412, 'd13', '202002', 'location salle conférence', '2020-02-16', 256.00),
(1413, 'd51', '201801', 'location salle conférence', '2018-01-20', 407.00),
(1414, 'd51', '201802', 'repas avec praticien', '2018-02-17', 46.00),
(1415, 'd51', '201802', 'repas avec praticien', '2018-02-01', 36.00),
(1416, 'd51', '201802', 'achat de matériel de papèterie', '2018-02-15', 32.00),
(1417, 'd51', '201802', 'repas avec praticien', '2018-02-11', 44.00),
(1418, 'd51', '201803', 'location salle conférence', '2018-03-21', 239.00),
(1419, 'd51', '201803', 'taxi', '2018-03-06', 70.00),
(1420, 'd51', '201803', 'traiteur, alimentation, boisson', '2018-03-16', 103.00),
(1421, 'd51', '201804', 'location salle conférence', '2018-04-02', 379.00),
(1422, 'd51', '201804', 'Voyage SNCF', '2018-04-07', 136.00),
(1423, 'd51', '201804', 'frais vestimentaire/représentation', '2018-04-22', 47.00),
(1424, 'd51', '201805', 'traiteur, alimentation, boisson', '2018-05-25', 408.00),
(1425, 'd51', '201805', 'location véhicule', '2018-05-28', 177.00),
(1426, 'd51', '201805', 'frais vestimentaire/représentation', '2018-05-04', 338.00),
(1427, 'd51', '201806', 'repas avec praticien', '2018-06-21', 41.00),
(1428, 'd51', '201806', 'location véhicule', '2018-06-20', 195.00),
(1429, 'd51', '201806', 'taxi', '2018-06-06', 78.00),
(1430, 'd51', '201807', 'achat de matériel de papèterie', '2018-07-21', 49.00),
(1431, 'd51', '201807', 'location équipement vidéo/sonore', '2018-07-03', 608.00),
(1432, 'd51', '201807', 'traiteur, alimentation, boisson', '2018-07-27', 212.00),
(1433, 'd51', '201808', 'frais vestimentaire/représentation', '2018-08-11', 71.00),
(1434, 'd51', '201808', 'frais vestimentaire/représentation', '2018-08-22', 401.00),
(1435, 'd51', '201808', 'traiteur, alimentation, boisson', '2018-08-01', 431.00),
(1436, 'd51', '201808', 'repas avec praticien', '2018-08-19', 33.00),
(1437, 'd51', '201808', 'rémunération intervenant/spécialiste', '2018-08-13', 1150.00),
(1438, 'd51', '201809', 'location équipement vidéo/sonore', '2018-09-19', 647.00),
(1439, 'd51', '201809', 'frais vestimentaire/représentation', '2018-09-27', 234.00),
(1440, 'd51', '201809', 'location véhicule', '2018-09-23', 400.00),
(1441, 'd51', '201810', 'location véhicule', '2018-10-25', 284.00),
(1442, 'd51', '201810', 'achat de matériel de papèterie', '2018-10-27', 30.00),
(1443, 'd51', '201810', 'location salle conférence', '2018-10-28', 292.00),
(1444, 'd51', '201810', 'achat de matériel de papèterie', '2018-10-23', 19.00),
(1445, 'd51', '201810', 'frais vestimentaire/représentation', '2018-10-15', 439.00),
(1446, 'd51', '201811', 'achat de matériel de papèterie', '2018-11-10', 46.00),
(1447, 'd51', '201811', 'taxi', '2018-11-04', 42.00),
(1448, 'd51', '201811', 'taxi', '2018-11-11', 41.00),
(1449, 'd51', '201811', 'achat de matériel de papèterie', '2018-11-26', 49.00),
(1450, 'd51', '201811', 'Voyage SNCF', '2018-11-02', 61.00),
(1451, 'd51', '201812', 'location salle conférence', '2018-12-15', 635.00),
(1452, 'd51', '201812', 'traiteur, alimentation, boisson', '2018-12-20', 29.00),
(1453, 'd51', '201812', 'traiteur, alimentation, boisson', '2018-12-04', 385.00),
(1454, 'd51', '201812', 'location véhicule', '2018-12-23', 36.00),
(1455, 'd51', '201812', 'location salle conférence', '2018-12-27', 520.00),
(1456, 'd51', '201812', 'Voyage SNCF', '2018-12-28', 59.00),
(1457, 'd51', '201902', 'taxi', '2019-02-01', 46.00),
(1458, 'd51', '201902', 'traiteur, alimentation, boisson', '2019-02-22', 110.00),
(1459, 'd51', '201903', 'location salle conférence', '2019-03-18', 160.00),
(1460, 'd51', '201903', 'location véhicule', '2019-03-28', 442.00),
(1461, 'd51', '201903', 'location équipement vidéo/sonore', '2019-03-05', 350.00),
(1462, 'd51', '201903', 'location salle conférence', '2019-03-25', 282.00),
(1463, 'd51', '201904', 'frais vestimentaire/représentation', '2019-04-24', 296.00),
(1464, 'd51', '201904', 'location équipement vidéo/sonore', '2019-04-12', 648.00),
(1465, 'd51', '201905', 'rémunération intervenant/spécialiste', '2019-05-16', 657.00),
(1466, 'd51', '201905', 'repas avec praticien', '2019-05-22', 37.00),
(1467, 'd51', '201906', 'taxi', '2019-06-25', 78.00),
(1468, 'd51', '201906', 'traiteur, alimentation, boisson', '2019-06-05', 145.00),
(1469, 'd51', '201907', 'Voyage SNCF', '2019-07-16', 125.00),
(1470, 'd51', '201908', 'rémunération intervenant/spécialiste', '2019-08-13', 477.00),
(1471, 'd51', '201909', 'achat de matériel de papèterie', '2019-09-09', 31.00),
(1472, 'd51', '201910', 'traiteur, alimentation, boisson', '2019-10-25', 236.00),
(1473, 'd51', '201911', 'repas avec praticien', '2019-11-24', 30.00),
(1474, 'd51', '201911', 'frais vestimentaire/représentation', '2019-11-27', 63.00),
(1475, 'd51', '201911', 'location salle conférence', '2019-11-15', 190.00),
(1476, 'd51', '201912', 'location véhicule', '2019-12-06', 361.00),
(1477, 'd51', '201912', 'location véhicule', '2019-12-09', 220.00),
(1478, 'd51', '201912', 'frais vestimentaire/représentation', '2019-12-04', 302.00),
(1479, 'd51', '202001', 'rémunération intervenant/spécialiste', '2020-01-23', 418.00),
(1480, 'd51', '202001', 'location équipement vidéo/sonore', '2020-01-05', 761.00),
(1481, 'd51', '202002', 'rémunération intervenant/spécialiste', '2020-02-10', 1038.00),
(1482, 'e22', '201801', 'traiteur, alimentation, boisson', '2018-01-27', 113.00),
(1483, 'e22', '201801', 'location salle conférence', '2018-01-17', 248.00),
(1484, 'e22', '201802', 'repas avec praticien', '2018-02-12', 37.00),
(1485, 'e22', '201802', 'location équipement vidéo/sonore', '2018-02-06', 468.00),
(1486, 'e22', '201802', 'rémunération intervenant/spécialiste', '2018-02-20', 796.00),
(1487, 'e22', '201802', 'repas avec praticien', '2018-02-05', 50.00),
(1488, 'e22', '201802', 'frais vestimentaire/représentation', '2018-02-26', 254.00),
(1489, 'e22', '201803', 'taxi', '2018-03-28', 77.00),
(1490, 'e22', '201803', 'taxi', '2018-03-19', 73.00),
(1491, 'e22', '201804', 'taxi', '2018-04-26', 54.00),
(1492, 'e22', '201804', 'rémunération intervenant/spécialiste', '2018-04-19', 1046.00),
(1493, 'e22', '201804', 'repas avec praticien', '2018-04-19', 40.00),
(1494, 'e22', '201804', 'taxi', '2018-04-04', 58.00),
(1495, 'e22', '201805', 'taxi', '2018-05-10', 66.00),
(1496, 'e22', '201806', 'location équipement vidéo/sonore', '2018-06-14', 408.00),
(1497, 'e22', '201806', 'achat de matériel de papèterie', '2018-06-07', 26.00),
(1498, 'e22', '201806', 'rémunération intervenant/spécialiste', '2018-06-17', 762.00),
(1499, 'e22', '201806', 'repas avec praticien', '2018-06-08', 34.00),
(1500, 'e22', '201806', 'Voyage SNCF', '2018-06-23', 134.00),
(1501, 'e22', '201806', 'location véhicule', '2018-06-09', 247.00),
(1502, 'e22', '201807', 'taxi', '2018-07-01', 63.00),
(1503, 'e22', '201808', 'frais vestimentaire/représentation', '2018-08-09', 28.00),
(1504, 'e22', '201808', 'rémunération intervenant/spécialiste', '2018-08-27', 590.00),
(1505, 'e22', '201808', 'location véhicule', '2018-08-06', 157.00),
(1506, 'e22', '201808', 'taxi', '2018-08-27', 56.00),
(1507, 'e22', '201808', 'Voyage SNCF', '2018-08-01', 90.00),
(1508, 'e22', '201809', 'location équipement vidéo/sonore', '2018-09-20', 205.00),
(1509, 'e22', '201810', 'traiteur, alimentation, boisson', '2018-10-17', 440.00),
(1510, 'e22', '201811', 'location équipement vidéo/sonore', '2018-11-18', 473.00),
(1511, 'e22', '201812', 'location salle conférence', '2018-12-20', 567.00),
(1512, 'e22', '201812', 'taxi', '2018-12-22', 72.00),
(1513, 'e22', '201812', 'Voyage SNCF', '2018-12-09', 150.00),
(1514, 'e22', '201901', 'location salle conférence', '2019-01-19', 538.00),
(1515, 'e22', '201902', 'taxi', '2019-02-14', 21.00),
(1516, 'e22', '201902', 'taxi', '2019-02-04', 39.00),
(1517, 'e22', '201903', 'frais vestimentaire/représentation', '2019-03-23', 66.00),
(1518, 'e22', '201903', 'rémunération intervenant/spécialiste', '2019-03-25', 467.00),
(1519, 'e22', '201903', 'taxi', '2019-03-09', 39.00),
(1520, 'e22', '201904', 'frais vestimentaire/représentation', '2019-04-28', 26.00),
(1521, 'e22', '201904', 'repas avec praticien', '2019-04-15', 43.00),
(1522, 'e22', '201905', 'achat de matériel de papèterie', '2019-05-17', 21.00),
(1523, 'e22', '201905', 'location véhicule', '2019-05-13', 25.00),
(1524, 'e22', '201905', 'location véhicule', '2019-05-03', 373.00),
(1525, 'e22', '201906', 'Voyage SNCF', '2019-06-08', 30.00),
(1526, 'e22', '201906', 'repas avec praticien', '2019-06-27', 39.00),
(1527, 'e22', '201906', 'rémunération intervenant/spécialiste', '2019-06-07', 457.00),
(1528, 'e22', '201906', 'achat de matériel de papèterie', '2019-06-02', 35.00),
(1529, 'e22', '201907', 'location salle conférence', '2019-07-05', 319.00),
(1530, 'e22', '201908', 'repas avec praticien', '2019-08-01', 43.00),
(1531, 'e22', '201908', 'traiteur, alimentation, boisson', '2019-08-06', 40.00),
(1532, 'e22', '201908', 'repas avec praticien', '2019-08-06', 46.00),
(1533, 'e22', '201908', 'frais vestimentaire/représentation', '2019-08-03', 234.00),
(1534, 'e22', '201909', 'traiteur, alimentation, boisson', '2019-09-06', 290.00),
(1535, 'e22', '201909', 'location équipement vidéo/sonore', '2019-09-18', 122.00),
(1536, 'e22', '201910', 'location salle conférence', '2019-10-02', 464.00),
(1537, 'e22', '201911', 'repas avec praticien', '2019-11-08', 31.00),
(1538, 'e22', '201911', 'Voyage SNCF', '2019-11-17', 138.00),
(1539, 'e22', '201911', 'location salle conférence', '2019-11-16', 262.00),
(1540, 'e22', '201912', 'traiteur, alimentation, boisson', '2019-12-22', 431.00),
(1541, 'e22', '202001', 'location véhicule', '2020-01-10', 27.00),
(1542, 'e22', '202001', 'repas avec praticien', '2020-01-02', 32.00),
(1543, 'e22', '202002', 'location véhicule', '2020-02-07', 355.00),
(1544, 'e24', '201801', 'traiteur, alimentation, boisson', '2018-01-10', 228.00),
(1545, 'e24', '201801', 'location équipement vidéo/sonore', '2018-01-06', 360.00),
(1546, 'e24', '201802', 'repas avec praticien', '2018-02-15', 31.00),
(1547, 'e24', '201802', 'taxi', '2018-02-24', 80.00),
(1548, 'e24', '201802', 'taxi', '2018-02-08', 63.00),
(1549, 'e24', '201803', 'traiteur, alimentation, boisson', '2018-03-15', 396.00),
(1550, 'e24', '201803', 'taxi', '2018-03-25', 26.00),
(1551, 'e24', '201803', 'rémunération intervenant/spécialiste', '2018-03-06', 888.00),
(1552, 'e24', '201803', 'location équipement vidéo/sonore', '2018-03-15', 387.00),
(1553, 'e24', '201803', 'Voyage SNCF', '2018-03-12', 44.00),
(1554, 'e24', '201804', 'taxi', '2018-04-07', 64.00),
(1555, 'e24', '201804', 'taxi', '2018-04-16', 26.00),
(1556, 'e24', '201804', 'location équipement vidéo/sonore', '2018-04-06', 715.00),
(1557, 'e24', '201804', 'achat de matériel de papèterie', '2018-04-26', 34.00),
(1558, 'e24', '201804', 'traiteur, alimentation, boisson', '2018-04-03', 130.00),
(1559, 'e24', '201805', 'taxi', '2018-05-14', 59.00),
(1560, 'e24', '201805', 'achat de matériel de papèterie', '2018-05-09', 25.00),
(1561, 'e24', '201805', 'frais vestimentaire/représentation', '2018-05-28', 317.00),
(1562, 'e24', '201805', 'location salle conférence', '2018-05-24', 551.00),
(1563, 'e24', '201805', 'frais vestimentaire/représentation', '2018-05-01', 39.00),
(1564, 'e24', '201806', 'taxi', '2018-06-25', 73.00),
(1565, 'e24', '201806', 'rémunération intervenant/spécialiste', '2018-06-21', 284.00),
(1566, 'e24', '201806', 'location véhicule', '2018-06-24', 219.00),
(1567, 'e24', '201806', 'location salle conférence', '2018-06-04', 156.00),
(1568, 'e24', '201806', 'repas avec praticien', '2018-06-20', 38.00),
(1569, 'e24', '201807', 'location véhicule', '2018-07-23', 371.00),
(1570, 'e24', '201807', 'traiteur, alimentation, boisson', '2018-07-23', 389.00),
(1571, 'e24', '201807', 'location véhicule', '2018-07-14', 46.00),
(1572, 'e24', '201808', 'location équipement vidéo/sonore', '2018-08-25', 255.00),
(1573, 'e24', '201808', 'frais vestimentaire/représentation', '2018-08-09', 219.00),
(1574, 'e24', '201809', 'achat de matériel de papèterie', '2018-09-21', 35.00),
(1575, 'e24', '201809', 'rémunération intervenant/spécialiste', '2018-09-21', 430.00),
(1576, 'e24', '201809', 'traiteur, alimentation, boisson', '2018-09-23', 354.00),
(1577, 'e24', '201809', 'achat de matériel de papèterie', '2018-09-03', 11.00),
(1578, 'e24', '201810', 'rémunération intervenant/spécialiste', '2018-10-23', 410.00),
(1579, 'e24', '201810', 'location équipement vidéo/sonore', '2018-10-27', 825.00),
(1580, 'e24', '201810', 'taxi', '2018-10-06', 40.00),
(1581, 'e24', '201811', 'location équipement vidéo/sonore', '2018-11-19', 181.00),
(1582, 'e24', '201811', 'location véhicule', '2018-11-04', 367.00),
(1583, 'e24', '201811', 'taxi', '2018-11-10', 50.00),
(1584, 'e24', '201811', 'location véhicule', '2018-11-28', 136.00),
(1585, 'e24', '201811', 'rémunération intervenant/spécialiste', '2018-11-09', 454.00),
(1586, 'e24', '201812', 'achat de matériel de papèterie', '2018-12-07', 11.00),
(1587, 'e24', '201812', 'location équipement vidéo/sonore', '2018-12-04', 324.00),
(1588, 'e24', '201812', 'frais vestimentaire/représentation', '2018-12-02', 65.00),
(1589, 'e24', '201812', 'Voyage SNCF', '2018-12-21', 122.00),
(1590, 'e24', '201812', 'achat de matériel de papèterie', '2018-12-27', 32.00),
(1591, 'e24', '201812', 'location équipement vidéo/sonore', '2018-12-25', 550.00),
(1592, 'e24', '201901', 'traiteur, alimentation, boisson', '2019-01-19', 102.00),
(1593, 'e24', '201901', 'repas avec praticien', '2019-01-26', 35.00),
(1594, 'e24', '201901', 'rémunération intervenant/spécialiste', '2019-01-07', 653.00),
(1595, 'e24', '201902', 'location véhicule', '2019-02-01', 404.00),
(1596, 'e24', '201902', 'repas avec praticien', '2019-02-04', 44.00),
(1597, 'e24', '201902', 'Voyage SNCF', '2019-02-22', 95.00),
(1598, 'e24', '201902', 'location véhicule', '2019-02-24', 60.00),
(1599, 'e24', '201902', 'location équipement vidéo/sonore', '2019-02-22', 824.00),
(1600, 'e24', '201903', 'location véhicule', '2019-03-05', 419.00),
(1601, 'e24', '201904', 'frais vestimentaire/représentation', '2019-04-23', 441.00),
(1602, 'e24', '201905', 'Voyage SNCF', '2019-05-28', 149.00),
(1603, 'e24', '201905', 'location équipement vidéo/sonore', '2019-05-24', 448.00),
(1604, 'e24', '201906', 'frais vestimentaire/représentation', '2019-06-23', 306.00),
(1605, 'e24', '201906', 'Voyage SNCF', '2019-06-19', 139.00),
(1606, 'e24', '201906', 'traiteur, alimentation, boisson', '2019-06-19', 214.00),
(1607, 'e24', '201907', 'traiteur, alimentation, boisson', '2019-07-04', 70.00),
(1608, 'e24', '201907', 'repas avec praticien', '2019-07-08', 49.00),
(1609, 'e24', '201907', 'rémunération intervenant/spécialiste', '2019-07-03', 908.00),
(1610, 'e24', '201907', 'taxi', '2019-07-08', 24.00),
(1611, 'e24', '201907', 'location salle conférence', '2019-07-05', 352.00),
(1612, 'e24', '201907', 'achat de matériel de papèterie', '2019-07-12', 25.00),
(1613, 'e24', '201908', 'Voyage SNCF', '2019-08-22', 142.00),
(1614, 'e24', '201908', 'Voyage SNCF', '2019-08-18', 98.00),
(1615, 'e24', '201908', 'rémunération intervenant/spécialiste', '2019-08-08', 827.00),
(1616, 'e24', '201908', 'Voyage SNCF', '2019-08-24', 135.00),
(1617, 'e24', '201908', 'location salle conférence', '2019-08-11', 223.00),
(1618, 'e24', '201908', 'location véhicule', '2019-08-24', 184.00),
(1619, 'e24', '201909', 'traiteur, alimentation, boisson', '2019-09-02', 395.00),
(1620, 'e24', '201909', 'repas avec praticien', '2019-09-11', 46.00),
(1621, 'e24', '201909', 'taxi', '2019-09-11', 26.00),
(1622, 'e24', '201909', 'location équipement vidéo/sonore', '2019-09-10', 276.00),
(1623, 'e24', '201910', 'achat de matériel de papèterie', '2019-10-22', 39.00),
(1624, 'e24', '201911', 'taxi', '2019-11-20', 51.00),
(1625, 'e24', '201911', 'taxi', '2019-11-03', 36.00),
(1626, 'e24', '201911', 'rémunération intervenant/spécialiste', '2019-11-28', 957.00),
(1627, 'e24', '201911', 'repas avec praticien', '2019-11-17', 38.00),
(1628, 'e24', '201912', 'location véhicule', '2019-12-08', 245.00),
(1629, 'e24', '201912', 'rémunération intervenant/spécialiste', '2019-12-16', 558.00),
(1630, 'e24', '201912', 'achat de matériel de papèterie', '2019-12-14', 10.00),
(1631, 'e24', '201912', 'Voyage SNCF', '2019-12-09', 70.00),
(1632, 'e24', '201912', 'location salle conférence', '2019-12-16', 538.00),
(1633, 'e24', '202001', 'location véhicule', '2020-01-09', 303.00),
(1634, 'e24', '202001', 'location véhicule', '2020-01-10', 272.00),
(1635, 'e24', '202001', 'achat de matériel de papèterie', '2020-01-23', 16.00),
(1636, 'e24', '202002', 'achat de matériel de papèterie', '2020-02-17', 39.00),
(1637, 'e24', '202002', 'rémunération intervenant/spécialiste', '2020-02-22', 994.00),
(1638, 'e24', '202002', 'taxi', '2020-02-24', 70.00),
(1639, 'e39', '201801', 'achat de matériel de papèterie', '2018-01-20', 18.00),
(1640, 'e39', '201801', 'location salle conférence', '2018-01-05', 235.00),
(1641, 'e39', '201801', 'achat de matériel de papèterie', '2018-01-24', 37.00),
(1642, 'e39', '201802', 'location salle conférence', '2018-02-10', 194.00),
(1643, 'e39', '201803', 'location véhicule', '2018-03-18', 170.00),
(1644, 'e39', '201803', 'taxi', '2018-03-11', 41.00),
(1645, 'e39', '201803', 'achat de matériel de papèterie', '2018-03-05', 18.00),
(1646, 'e39', '201803', 'achat de matériel de papèterie', '2018-03-18', 19.00),
(1647, 'e39', '201803', 'location véhicule', '2018-03-11', 139.00),
(1648, 'e39', '201803', 'Voyage SNCF', '2018-03-10', 147.00),
(1649, 'e39', '201804', 'location salle conférence', '2018-04-13', 367.00),
(1650, 'e39', '201804', 'location véhicule', '2018-04-15', 99.00),
(1651, 'e39', '201805', 'repas avec praticien', '2018-05-28', 46.00),
(1652, 'e39', '201805', 'rémunération intervenant/spécialiste', '2018-05-12', 909.00),
(1653, 'e39', '201805', 'achat de matériel de papèterie', '2018-05-09', 26.00),
(1654, 'e39', '201805', 'frais vestimentaire/représentation', '2018-05-05', 200.00),
(1655, 'e39', '201806', 'frais vestimentaire/représentation', '2018-06-17', 147.00),
(1656, 'e39', '201806', 'Voyage SNCF', '2018-06-05', 58.00),
(1657, 'e39', '201806', 'Voyage SNCF', '2018-06-12', 125.00),
(1658, 'e39', '201807', 'achat de matériel de papèterie', '2018-07-11', 30.00),
(1659, 'e39', '201808', 'location équipement vidéo/sonore', '2018-08-14', 242.00),
(1660, 'e39', '201808', 'taxi', '2018-08-01', 43.00),
(1661, 'e39', '201808', 'frais vestimentaire/représentation', '2018-08-07', 140.00),
(1662, 'e39', '201808', 'repas avec praticien', '2018-08-15', 38.00),
(1663, 'e39', '201809', 'location équipement vidéo/sonore', '2018-09-18', 614.00),
(1664, 'e39', '201811', 'repas avec praticien', '2018-11-25', 30.00),
(1665, 'e39', '201812', 'location équipement vidéo/sonore', '2018-12-21', 650.00),
(1666, 'e39', '201812', 'frais vestimentaire/représentation', '2018-12-16', 329.00),
(1667, 'e39', '201812', 'repas avec praticien', '2018-12-24', 44.00),
(1668, 'e39', '201812', 'Voyage SNCF', '2018-12-21', 56.00),
(1669, 'e39', '201901', 'Voyage SNCF', '2019-01-11', 109.00),
(1670, 'e39', '201901', 'achat de matériel de papèterie', '2019-01-26', 15.00),
(1671, 'e39', '201901', 'repas avec praticien', '2019-01-13', 31.00),
(1672, 'e39', '201901', 'frais vestimentaire/représentation', '2019-01-09', 297.00),
(1673, 'e39', '201901', 'frais vestimentaire/représentation', '2019-01-27', 235.00),
(1674, 'e39', '201901', 'repas avec praticien', '2019-01-14', 30.00),
(1675, 'e39', '201902', 'traiteur, alimentation, boisson', '2019-02-26', 438.00),
(1676, 'e39', '201902', 'location équipement vidéo/sonore', '2019-02-22', 497.00),
(1677, 'e39', '201902', 'achat de matériel de papèterie', '2019-02-07', 21.00),
(1678, 'e39', '201902', 'location équipement vidéo/sonore', '2019-02-07', 146.00),
(1679, 'e39', '201903', 'taxi', '2019-03-26', 36.00),
(1680, 'e39', '201903', 'taxi', '2019-03-04', 58.00),
(1681, 'e39', '201903', 'achat de matériel de papèterie', '2019-03-09', 23.00),
(1682, 'e39', '201903', 'location véhicule', '2019-03-16', 36.00),
(1683, 'e39', '201903', 'frais vestimentaire/représentation', '2019-03-22', 335.00),
(1684, 'e39', '201903', 'rémunération intervenant/spécialiste', '2019-03-05', 1072.00),
(1685, 'e39', '201904', 'location équipement vidéo/sonore', '2019-04-16', 703.00),
(1686, 'e39', '201905', 'location équipement vidéo/sonore', '2019-05-10', 470.00),
(1687, 'e39', '201905', 'location véhicule', '2019-05-16', 213.00),
(1688, 'e39', '201905', 'rémunération intervenant/spécialiste', '2019-05-17', 1077.00),
(1689, 'e39', '201905', 'Voyage SNCF', '2019-05-22', 92.00),
(1690, 'e39', '201905', 'traiteur, alimentation, boisson', '2019-05-05', 380.00),
(1691, 'e39', '201905', 'repas avec praticien', '2019-05-11', 47.00),
(1692, 'e39', '201906', 'repas avec praticien', '2019-06-16', 42.00),
(1693, 'e39', '201907', 'frais vestimentaire/représentation', '2019-07-25', 352.00),
(1694, 'e39', '201907', 'repas avec praticien', '2019-07-20', 32.00),
(1695, 'e39', '201908', 'taxi', '2019-08-18', 41.00),
(1696, 'e39', '201909', 'rémunération intervenant/spécialiste', '2019-09-02', 985.00),
(1697, 'e39', '201909', 'traiteur, alimentation, boisson', '2019-09-11', 253.00),
(1698, 'e39', '201909', 'achat de matériel de papèterie', '2019-09-12', 48.00),
(1699, 'e39', '201910', 'location équipement vidéo/sonore', '2019-10-18', 743.00),
(1700, 'e39', '201910', 'location équipement vidéo/sonore', '2019-10-14', 667.00),
(1701, 'e39', '201910', 'rémunération intervenant/spécialiste', '2019-10-11', 413.00),
(1702, 'e39', '201910', 'location salle conférence', '2019-10-05', 592.00),
(1703, 'e39', '201910', 'taxi', '2019-10-19', 37.00),
(1704, 'e39', '201910', 'traiteur, alimentation, boisson', '2019-10-17', 84.00),
(1705, 'e39', '201911', 'location salle conférence', '2019-11-18', 287.00),
(1706, 'e39', '201911', 'traiteur, alimentation, boisson', '2019-11-02', 79.00),
(1707, 'e39', '201912', 'frais vestimentaire/représentation', '2019-12-17', 78.00),
(1708, 'e39', '201912', 'repas avec praticien', '2019-12-24', 48.00),
(1709, 'e39', '202001', 'rémunération intervenant/spécialiste', '2020-01-01', 1110.00),
(1710, 'e49', '201801', 'repas avec praticien', '2018-01-25', 36.00),
(1711, 'e49', '201802', 'traiteur, alimentation, boisson', '2018-02-09', 345.00),
(1712, 'e49', '201802', 'rémunération intervenant/spécialiste', '2018-02-06', 421.00),
(1713, 'e49', '201802', 'location salle conférence', '2018-02-20', 448.00),
(1714, 'e49', '201802', 'frais vestimentaire/représentation', '2018-02-04', 119.00),
(1715, 'e49', '201803', 'location véhicule', '2018-03-23', 278.00),
(1716, 'e49', '201803', 'frais vestimentaire/représentation', '2018-03-01', 324.00),
(1717, 'e49', '201803', 'frais vestimentaire/représentation', '2018-03-17', 311.00),
(1718, 'e49', '201804', 'location véhicule', '2018-04-28', 249.00),
(1719, 'e49', '201805', 'location véhicule', '2018-05-07', 241.00),
(1720, 'e49', '201805', 'frais vestimentaire/représentation', '2018-05-07', 344.00),
(1721, 'e49', '201806', 'location salle conférence', '2018-06-28', 379.00),
(1722, 'e49', '201806', 'location salle conférence', '2018-06-11', 165.00),
(1723, 'e49', '201806', 'rémunération intervenant/spécialiste', '2018-06-21', 431.00),
(1724, 'e49', '201806', 'Voyage SNCF', '2018-06-01', 97.00),
(1725, 'e49', '201807', 'repas avec praticien', '2018-07-05', 47.00),
(1726, 'e49', '201807', 'achat de matériel de papèterie', '2018-07-12', 32.00),
(1727, 'e49', '201807', 'Voyage SNCF', '2018-07-13', 145.00),
(1728, 'e49', '201808', 'traiteur, alimentation, boisson', '2018-08-16', 338.00),
(1729, 'e49', '201808', 'location salle conférence', '2018-08-17', 515.00),
(1730, 'e49', '201808', 'traiteur, alimentation, boisson', '2018-08-26', 449.00),
(1731, 'e49', '201808', 'location salle conférence', '2018-08-23', 596.00),
(1732, 'e49', '201808', 'location salle conférence', '2018-08-22', 529.00),
(1733, 'e49', '201809', 'location véhicule', '2018-09-11', 213.00),
(1734, 'e49', '201809', 'location équipement vidéo/sonore', '2018-09-17', 714.00),
(1735, 'e49', '201810', 'rémunération intervenant/spécialiste', '2018-10-01', 354.00),
(1736, 'e49', '201810', 'location salle conférence', '2018-10-06', 143.00),
(1737, 'e49', '201810', 'location équipement vidéo/sonore', '2018-10-07', 497.00),
(1738, 'e49', '201810', 'taxi', '2018-10-14', 27.00),
(1739, 'e49', '201810', 'rémunération intervenant/spécialiste', '2018-10-22', 1104.00),
(1740, 'e49', '201811', 'taxi', '2018-11-18', 21.00),
(1741, 'e49', '201811', 'traiteur, alimentation, boisson', '2018-11-10', 108.00),
(1742, 'e49', '201811', 'Voyage SNCF', '2018-11-16', 77.00),
(1743, 'e49', '201811', 'taxi', '2018-11-08', 25.00),
(1744, 'e49', '201811', 'location équipement vidéo/sonore', '2018-11-14', 788.00),
(1745, 'e49', '201811', 'Voyage SNCF', '2018-11-24', 66.00),
(1746, 'e49', '201812', 'traiteur, alimentation, boisson', '2018-12-09', 182.00),
(1747, 'e49', '201812', 'rémunération intervenant/spécialiste', '2018-12-01', 412.00),
(1748, 'e49', '201812', 'taxi', '2018-12-09', 73.00),
(1749, 'e49', '201901', 'location véhicule', '2019-01-19', 38.00),
(1750, 'e49', '201902', 'Voyage SNCF', '2019-02-04', 132.00),
(1751, 'e49', '201902', 'location salle conférence', '2019-02-20', 451.00),
(1752, 'e49', '201902', 'rémunération intervenant/spécialiste', '2019-02-04', 556.00),
(1753, 'e49', '201902', 'taxi', '2019-02-19', 52.00),
(1754, 'e49', '201902', 'location salle conférence', '2019-02-25', 488.00),
(1755, 'e49', '201902', 'location équipement vidéo/sonore', '2019-02-25', 791.00),
(1756, 'e49', '201903', 'repas avec praticien', '2019-03-24', 36.00),
(1757, 'e49', '201903', 'location véhicule', '2019-03-16', 118.00),
(1758, 'e49', '201903', 'taxi', '2019-03-07', 34.00),
(1759, 'e49', '201904', 'location équipement vidéo/sonore', '2019-04-28', 252.00),
(1760, 'e49', '201904', 'achat de matériel de papèterie', '2019-04-12', 18.00),
(1761, 'e49', '201904', 'achat de matériel de papèterie', '2019-04-24', 37.00),
(1762, 'e49', '201905', 'location équipement vidéo/sonore', '2019-05-27', 139.00),
(1763, 'e49', '201906', 'location équipement vidéo/sonore', '2019-06-18', 446.00),
(1764, 'e49', '201906', 'traiteur, alimentation, boisson', '2019-06-16', 133.00),
(1765, 'e49', '201906', 'Voyage SNCF', '2019-06-08', 63.00),
(1766, 'e49', '201906', 'achat de matériel de papèterie', '2019-06-08', 19.00),
(1767, 'e49', '201907', 'Voyage SNCF', '2019-07-19', 144.00),
(1768, 'e49', '201907', 'Voyage SNCF', '2019-07-11', 124.00),
(1769, 'e49', '201908', 'frais vestimentaire/représentation', '2019-08-04', 193.00),
(1770, 'e49', '201908', 'traiteur, alimentation, boisson', '2019-08-22', 422.00),
(1771, 'e49', '201909', 'achat de matériel de papèterie', '2019-09-28', 37.00),
(1772, 'e49', '201909', 'rémunération intervenant/spécialiste', '2019-09-19', 647.00),
(1773, 'e49', '201909', 'location équipement vidéo/sonore', '2019-09-06', 485.00),
(1774, 'e49', '201909', 'location salle conférence', '2019-09-17', 586.00),
(1775, 'e49', '201909', 'achat de matériel de papèterie', '2019-09-23', 26.00),
(1776, 'e49', '201909', 'rémunération intervenant/spécialiste', '2019-09-17', 1036.00),
(1777, 'e49', '201910', 'taxi', '2019-10-12', 21.00),
(1778, 'e49', '201910', 'frais vestimentaire/représentation', '2019-10-13', 397.00),
(1779, 'e49', '201911', 'rémunération intervenant/spécialiste', '2019-11-28', 1116.00),
(1780, 'e49', '201912', 'location véhicule', '2019-12-11', 122.00),
(1781, 'e49', '201912', 'achat de matériel de papèterie', '2019-12-10', 33.00),
(1782, 'e49', '202001', 'achat de matériel de papèterie', '2020-01-24', 39.00),
(1783, 'e49', '202001', 'repas avec praticien', '2020-01-06', 46.00),
(1784, 'e49', '202001', 'location véhicule', '2020-01-03', 50.00),
(1785, 'e49', '202002', 'location équipement vidéo/sonore', '2020-02-08', 670.00),
(1786, 'e49', '202002', 'frais vestimentaire/représentation', '2020-02-23', 325.00),
(1787, 'e49', '202002', 'location équipement vidéo/sonore', '2020-02-23', 613.00),
(1788, 'e5', '201801', 'achat de matériel de papèterie', '2018-01-02', 27.00),
(1789, 'e5', '201801', 'location équipement vidéo/sonore', '2018-01-08', 113.00),
(1790, 'e5', '201801', 'location équipement vidéo/sonore', '2018-01-18', 812.00),
(1791, 'e5', '201801', 'repas avec praticien', '2018-01-26', 33.00),
(1792, 'e5', '201801', 'rémunération intervenant/spécialiste', '2018-01-19', 1149.00),
(1793, 'e5', '201801', 'repas avec praticien', '2018-01-17', 50.00),
(1794, 'e5', '201802', 'Voyage SNCF', '2018-02-17', 129.00),
(1795, 'e5', '201802', 'frais vestimentaire/représentation', '2018-02-27', 64.00),
(1796, 'e5', '201802', 'traiteur, alimentation, boisson', '2018-02-08', 353.00),
(1797, 'e5', '201802', 'location salle conférence', '2018-02-21', 189.00),
(1798, 'e5', '201802', 'taxi', '2018-02-19', 56.00),
(1799, 'e5', '201802', 'location équipement vidéo/sonore', '2018-02-20', 392.00),
(1800, 'e5', '201803', 'location véhicule', '2018-03-28', 69.00),
(1801, 'e5', '201803', 'rémunération intervenant/spécialiste', '2018-03-09', 428.00),
(1802, 'e5', '201803', 'taxi', '2018-03-18', 41.00),
(1803, 'e5', '201803', 'traiteur, alimentation, boisson', '2018-03-21', 51.00),
(1804, 'e5', '201804', 'Voyage SNCF', '2018-04-04', 105.00),
(1805, 'e5', '201804', 'repas avec praticien', '2018-04-09', 46.00),
(1806, 'e5', '201805', 'location équipement vidéo/sonore', '2018-05-28', 760.00),
(1807, 'e5', '201805', 'location salle conférence', '2018-05-12', 370.00),
(1808, 'e5', '201805', 'repas avec praticien', '2018-05-13', 50.00),
(1809, 'e5', '201805', 'rémunération intervenant/spécialiste', '2018-05-03', 970.00),
(1810, 'e5', '201805', 'location salle conférence', '2018-05-17', 637.00),
(1811, 'e5', '201806', 'achat de matériel de papèterie', '2018-06-19', 15.00),
(1812, 'e5', '201806', 'achat de matériel de papèterie', '2018-06-28', 48.00),
(1813, 'e5', '201806', 'location équipement vidéo/sonore', '2018-06-25', 777.00),
(1814, 'e5', '201806', 'rémunération intervenant/spécialiste', '2018-06-16', 1098.00),
(1815, 'e5', '201807', 'traiteur, alimentation, boisson', '2018-07-18', 265.00),
(1816, 'e5', '201807', 'traiteur, alimentation, boisson', '2018-07-02', 349.00),
(1817, 'e5', '201807', 'traiteur, alimentation, boisson', '2018-07-01', 185.00),
(1818, 'e5', '201807', 'Voyage SNCF', '2018-07-21', 112.00),
(1819, 'e5', '201807', 'taxi', '2018-07-02', 36.00),
(1820, 'e5', '201808', 'location véhicule', '2018-08-28', 298.00),
(1821, 'e5', '201808', 'taxi', '2018-08-17', 33.00),
(1822, 'e5', '201808', 'traiteur, alimentation, boisson', '2018-08-21', 95.00),
(1823, 'e5', '201809', 'location équipement vidéo/sonore', '2018-09-14', 339.00),
(1824, 'e5', '201809', 'taxi', '2018-09-22', 52.00),
(1825, 'e5', '201809', 'location salle conférence', '2018-09-10', 203.00),
(1826, 'e5', '201809', 'location salle conférence', '2018-09-13', 287.00),
(1827, 'e5', '201809', 'location salle conférence', '2018-09-14', 490.00),
(1828, 'e5', '201809', 'achat de matériel de papèterie', '2018-09-13', 28.00),
(1829, 'e5', '201810', 'Voyage SNCF', '2018-10-05', 59.00),
(1830, 'e5', '201810', 'achat de matériel de papèterie', '2018-10-20', 37.00),
(1831, 'e5', '201811', 'frais vestimentaire/représentation', '2018-11-10', 83.00),
(1832, 'e5', '201811', 'achat de matériel de papèterie', '2018-11-07', 15.00),
(1833, 'e5', '201811', 'frais vestimentaire/représentation', '2018-11-01', 305.00),
(1834, 'e5', '201811', 'achat de matériel de papèterie', '2018-11-13', 22.00),
(1835, 'e5', '201811', 'location salle conférence', '2018-11-06', 136.00),
(1836, 'e5', '201811', 'location salle conférence', '2018-11-19', 266.00),
(1837, 'e5', '201812', 'Voyage SNCF', '2018-12-25', 108.00),
(1838, 'e5', '201812', 'achat de matériel de papèterie', '2018-12-02', 23.00),
(1839, 'e5', '201901', 'location équipement vidéo/sonore', '2019-01-12', 131.00),
(1840, 'e5', '201901', 'traiteur, alimentation, boisson', '2019-01-04', 289.00),
(1841, 'e5', '201901', 'taxi', '2019-01-04', 47.00),
(1842, 'e5', '201902', 'achat de matériel de papèterie', '2019-02-12', 36.00),
(1843, 'e5', '201902', 'taxi', '2019-02-13', 30.00),
(1844, 'e5', '201902', 'taxi', '2019-02-20', 32.00),
(1845, 'e5', '201902', 'achat de matériel de papèterie', '2019-02-26', 21.00),
(1846, 'e5', '201902', 'location équipement vidéo/sonore', '2019-02-25', 593.00),
(1847, 'e5', '201902', 'location salle conférence', '2019-02-28', 138.00),
(1848, 'e5', '201903', 'location salle conférence', '2019-03-16', 255.00),
(1849, 'e5', '201903', 'rémunération intervenant/spécialiste', '2019-03-10', 588.00),
(1850, 'e5', '201903', 'achat de matériel de papèterie', '2019-03-17', 40.00),
(1851, 'e5', '201903', 'traiteur, alimentation, boisson', '2019-03-12', 328.00),
(1852, 'e5', '201903', 'achat de matériel de papèterie', '2019-03-26', 27.00),
(1853, 'e5', '201903', 'traiteur, alimentation, boisson', '2019-03-18', 111.00),
(1854, 'e5', '201904', 'location salle conférence', '2019-04-08', 597.00),
(1855, 'e5', '201904', 'location équipement vidéo/sonore', '2019-04-16', 723.00),
(1856, 'e5', '201905', 'achat de matériel de papèterie', '2019-05-02', 30.00),
(1857, 'e5', '201905', 'taxi', '2019-05-28', 43.00),
(1858, 'e5', '201905', 'frais vestimentaire/représentation', '2019-05-21', 111.00),
(1859, 'e5', '201906', 'Voyage SNCF', '2019-06-09', 109.00),
(1860, 'e5', '201906', 'taxi', '2019-06-05', 70.00),
(1861, 'e5', '201906', 'traiteur, alimentation, boisson', '2019-06-05', 393.00),
(1862, 'e5', '201907', 'repas avec praticien', '2019-07-08', 37.00),
(1863, 'e5', '201908', 'frais vestimentaire/représentation', '2019-08-17', 72.00),
(1864, 'e5', '201908', 'frais vestimentaire/représentation', '2019-08-28', 429.00),
(1865, 'e5', '201908', 'rémunération intervenant/spécialiste', '2019-08-23', 380.00),
(1866, 'e5', '201908', 'Voyage SNCF', '2019-08-17', 102.00),
(1867, 'e5', '201909', 'location véhicule', '2019-09-17', 62.00),
(1868, 'e5', '201909', 'rémunération intervenant/spécialiste', '2019-09-17', 553.00),
(1869, 'e5', '201909', 'Voyage SNCF', '2019-09-14', 104.00),
(1870, 'e5', '201909', 'frais vestimentaire/représentation', '2019-09-18', 293.00),
(1871, 'e5', '201910', 'location équipement vidéo/sonore', '2019-10-02', 128.00),
(1872, 'e5', '201910', 'rémunération intervenant/spécialiste', '2019-10-26', 1071.00),
(1873, 'e5', '201910', 'location équipement vidéo/sonore', '2019-10-08', 741.00),
(1874, 'e5', '201910', 'achat de matériel de papèterie', '2019-10-21', 26.00),
(1875, 'e5', '201910', 'location équipement vidéo/sonore', '2019-10-18', 542.00),
(1876, 'e5', '201911', 'location équipement vidéo/sonore', '2019-11-01', 166.00),
(1877, 'e5', '201911', 'Voyage SNCF', '2019-11-08', 73.00),
(1878, 'e5', '201911', 'Voyage SNCF', '2019-11-24', 109.00),
(1879, 'e5', '201911', 'taxi', '2019-11-15', 74.00),
(1880, 'e5', '201912', 'frais vestimentaire/représentation', '2019-12-14', 214.00),
(1881, 'e5', '201912', 'location véhicule', '2019-12-06', 171.00),
(1882, 'e5', '202001', 'taxi', '2020-01-01', 49.00),
(1883, 'e5', '202002', 'location véhicule', '2020-02-25', 435.00),
(1884, 'e5', '202002', 'repas avec praticien', '2020-02-21', 33.00),
(1885, 'e52', '201801', 'frais vestimentaire/représentation', '2018-01-18', 217.00),
(1886, 'e52', '201801', 'taxi', '2018-01-26', 38.00),
(1887, 'e52', '201801', 'Voyage SNCF', '2018-01-14', 77.00),
(1888, 'e52', '201802', 'location salle conférence', '2018-02-01', 595.00),
(1889, 'e52', '201802', 'traiteur, alimentation, boisson', '2018-02-22', 287.00),
(1890, 'e52', '201802', 'repas avec praticien', '2018-02-13', 34.00),
(1891, 'e52', '201802', 'location salle conférence', '2018-02-11', 245.00),
(1892, 'e52', '201802', 'location véhicule', '2018-02-05', 360.00),
(1893, 'e52', '201803', 'rémunération intervenant/spécialiste', '2018-03-02', 1084.00),
(1894, 'e52', '201803', 'repas avec praticien', '2018-03-28', 32.00),
(1895, 'e52', '201803', 'taxi', '2018-03-09', 63.00),
(1896, 'e52', '201803', 'repas avec praticien', '2018-03-15', 30.00),
(1897, 'e52', '201804', 'taxi', '2018-04-01', 55.00),
(1898, 'e52', '201804', 'traiteur, alimentation, boisson', '2018-04-27', 32.00),
(1899, 'e52', '201804', 'taxi', '2018-04-11', 42.00),
(1900, 'e52', '201804', 'location salle conférence', '2018-04-14', 406.00),
(1901, 'e52', '201805', 'rémunération intervenant/spécialiste', '2018-05-17', 656.00),
(1902, 'e52', '201805', 'rémunération intervenant/spécialiste', '2018-05-22', 1035.00),
(1903, 'e52', '201806', 'Voyage SNCF', '2018-06-10', 150.00),
(1904, 'e52', '201806', 'location véhicule', '2018-06-08', 434.00),
(1905, 'e52', '201806', 'frais vestimentaire/représentation', '2018-06-05', 187.00),
(1906, 'e52', '201806', 'traiteur, alimentation, boisson', '2018-06-04', 41.00),
(1907, 'e52', '201806', 'location salle conférence', '2018-06-09', 295.00),
(1908, 'e52', '201806', 'rémunération intervenant/spécialiste', '2018-06-07', 591.00),
(1909, 'e52', '201807', 'repas avec praticien', '2018-07-09', 46.00),
(1910, 'e52', '201808', 'frais vestimentaire/représentation', '2018-08-03', 243.00),
(1911, 'e52', '201808', 'taxi', '2018-08-03', 50.00),
(1912, 'e52', '201808', 'repas avec praticien', '2018-08-21', 37.00),
(1913, 'e52', '201808', 'location équipement vidéo/sonore', '2018-08-21', 603.00),
(1914, 'e52', '201808', 'frais vestimentaire/représentation', '2018-08-02', 265.00),
(1915, 'e52', '201809', 'location véhicule', '2018-09-02', 290.00),
(1916, 'e52', '201809', 'Voyage SNCF', '2018-09-12', 130.00),
(1917, 'e52', '201809', 'traiteur, alimentation, boisson', '2018-09-22', 265.00),
(1918, 'e52', '201809', 'Voyage SNCF', '2018-09-09', 34.00),
(1919, 'e52', '201809', 'repas avec praticien', '2018-09-26', 31.00),
(1920, 'e52', '201810', 'frais vestimentaire/représentation', '2018-10-28', 237.00),
(1921, 'e52', '201810', 'repas avec praticien', '2018-10-02', 37.00),
(1922, 'e52', '201810', 'location salle conférence', '2018-10-07', 352.00),
(1923, 'e52', '201810', 'repas avec praticien', '2018-10-10', 39.00),
(1924, 'e52', '201811', 'location salle conférence', '2018-11-21', 191.00),
(1925, 'e52', '201811', 'frais vestimentaire/représentation', '2018-11-05', 91.00),
(1926, 'e52', '201811', 'taxi', '2018-11-05', 56.00),
(1927, 'e52', '201812', 'rémunération intervenant/spécialiste', '2018-12-04', 1050.00),
(1928, 'e52', '201812', 'location équipement vidéo/sonore', '2018-12-26', 155.00),
(1929, 'e52', '201812', 'location équipement vidéo/sonore', '2018-12-02', 668.00),
(1930, 'e52', '201812', 'location équipement vidéo/sonore', '2018-12-01', 550.00),
(1931, 'e52', '201812', 'location équipement vidéo/sonore', '2018-12-11', 145.00),
(1932, 'e52', '201901', 'rémunération intervenant/spécialiste', '2019-01-12', 844.00),
(1933, 'e52', '201902', 'repas avec praticien', '2019-02-28', 50.00),
(1934, 'e52', '201902', 'traiteur, alimentation, boisson', '2019-02-13', 244.00),
(1935, 'e52', '201903', 'achat de matériel de papèterie', '2019-03-14', 20.00),
(1936, 'e52', '201903', 'frais vestimentaire/représentation', '2019-03-01', 118.00),
(1937, 'e52', '201904', 'Voyage SNCF', '2019-04-03', 137.00),
(1938, 'e52', '201904', 'repas avec praticien', '2019-04-24', 48.00),
(1939, 'e52', '201904', 'location équipement vidéo/sonore', '2019-04-14', 416.00),
(1940, 'e52', '201904', 'Voyage SNCF', '2019-04-26', 130.00),
(1941, 'e52', '201905', 'achat de matériel de papèterie', '2019-05-22', 34.00),
(1942, 'e52', '201905', 'traiteur, alimentation, boisson', '2019-05-27', 173.00),
(1943, 'e52', '201905', 'frais vestimentaire/représentation', '2019-05-26', 381.00),
(1944, 'e52', '201905', 'rémunération intervenant/spécialiste', '2019-05-20', 966.00),
(1945, 'e52', '201905', 'location véhicule', '2019-05-25', 314.00),
(1946, 'e52', '201906', 'location équipement vidéo/sonore', '2019-06-21', 349.00),
(1947, 'e52', '201907', 'rémunération intervenant/spécialiste', '2019-07-22', 510.00),
(1948, 'e52', '201907', 'repas avec praticien', '2019-07-23', 47.00),
(1949, 'e52', '201907', 'repas avec praticien', '2019-07-14', 32.00),
(1950, 'e52', '201907', 'rémunération intervenant/spécialiste', '2019-07-21', 873.00),
(1951, 'e52', '201907', 'location véhicule', '2019-07-07', 283.00),
(1952, 'e52', '201907', 'location équipement vidéo/sonore', '2019-07-03', 311.00),
(1953, 'e52', '201908', 'taxi', '2019-08-20', 48.00),
(1954, 'e52', '201908', 'frais vestimentaire/représentation', '2019-08-06', 398.00),
(1955, 'e52', '201909', 'rémunération intervenant/spécialiste', '2019-09-26', 1077.00),
(1956, 'e52', '201909', 'frais vestimentaire/représentation', '2019-09-25', 137.00),
(1957, 'e52', '201909', 'Voyage SNCF', '2019-09-09', 107.00),
(1958, 'e52', '201910', 'achat de matériel de papèterie', '2019-10-09', 24.00),
(1959, 'e52', '201911', 'traiteur, alimentation, boisson', '2019-11-15', 425.00),
(1960, 'e52', '201911', 'location équipement vidéo/sonore', '2019-11-17', 425.00),
(1961, 'e52', '201911', 'frais vestimentaire/représentation', '2019-11-27', 273.00),
(1962, 'e52', '201912', 'Voyage SNCF', '2019-12-09', 38.00),
(1963, 'e52', '202001', 'repas avec praticien', '2020-01-17', 46.00),
(1964, 'e52', '202001', 'traiteur, alimentation, boisson', '2020-01-21', 369.00),
(1965, 'e52', '202001', 'frais vestimentaire/représentation', '2020-01-01', 438.00),
(1966, 'e52', '202001', 'traiteur, alimentation, boisson', '2020-01-01', 209.00),
(1967, 'e52', '202002', 'location véhicule', '2020-02-27', 181.00),
(1968, 'f21', '201801', 'location salle conférence', '2018-01-14', 560.00),
(1969, 'f21', '201801', 'Voyage SNCF', '2018-01-16', 49.00),
(1970, 'f21', '201801', 'location salle conférence', '2018-01-28', 480.00),
(1971, 'f21', '201802', 'repas avec praticien', '2018-02-14', 46.00),
(1972, 'f21', '201802', 'achat de matériel de papèterie', '2018-02-21', 32.00),
(1973, 'f21', '201802', 'frais vestimentaire/représentation', '2018-02-28', 56.00),
(1974, 'f21', '201802', 'achat de matériel de papèterie', '2018-02-10', 33.00),
(1975, 'f21', '201802', 'frais vestimentaire/représentation', '2018-02-23', 122.00),
(1976, 'f21', '201802', 'Voyage SNCF', '2018-02-07', 79.00),
(1977, 'f21', '201803', 'traiteur, alimentation, boisson', '2018-03-27', 386.00),
(1978, 'f21', '201804', 'achat de matériel de papèterie', '2018-04-14', 44.00),
(1979, 'f21', '201804', 'location équipement vidéo/sonore', '2018-04-25', 367.00),
(1980, 'f21', '201804', 'frais vestimentaire/représentation', '2018-04-25', 386.00),
(1981, 'f21', '201805', 'frais vestimentaire/représentation', '2018-05-21', 244.00),
(1982, 'f21', '201805', 'location équipement vidéo/sonore', '2018-05-16', 551.00),
(1983, 'f21', '201805', 'frais vestimentaire/représentation', '2018-05-17', 283.00),
(1984, 'f21', '201806', 'location véhicule', '2018-06-06', 377.00),
(1985, 'f21', '201806', 'frais vestimentaire/représentation', '2018-06-09', 86.00),
(1986, 'f21', '201806', 'traiteur, alimentation, boisson', '2018-06-09', 256.00),
(1987, 'f21', '201806', 'frais vestimentaire/représentation', '2018-06-09', 386.00),
(1988, 'f21', '201807', 'frais vestimentaire/représentation', '2018-07-22', 344.00),
(1989, 'f21', '201807', 'location salle conférence', '2018-07-02', 541.00),
(1990, 'f21', '201807', 'Voyage SNCF', '2018-07-01', 136.00),
(1991, 'f21', '201807', 'achat de matériel de papèterie', '2018-07-14', 34.00),
(1992, 'f21', '201807', 'achat de matériel de papèterie', '2018-07-19', 14.00),
(1993, 'f21', '201807', 'frais vestimentaire/représentation', '2018-07-07', 352.00),
(1994, 'f21', '201808', 'achat de matériel de papèterie', '2018-08-01', 15.00),
(1995, 'f21', '201808', 'Voyage SNCF', '2018-08-26', 92.00),
(1996, 'f21', '201808', 'achat de matériel de papèterie', '2018-08-03', 33.00),
(1997, 'f21', '201808', 'location équipement vidéo/sonore', '2018-08-14', 260.00),
(1998, 'f21', '201808', 'repas avec praticien', '2018-08-07', 48.00),
(1999, 'f21', '201809', 'location équipement vidéo/sonore', '2018-09-24', 377.00),
(2000, 'f21', '201809', 'location équipement vidéo/sonore', '2018-09-11', 371.00),
(2001, 'f21', '201810', 'location équipement vidéo/sonore', '2018-10-22', 605.00),
(2002, 'f21', '201810', 'location équipement vidéo/sonore', '2018-10-19', 548.00),
(2003, 'f21', '201810', 'repas avec praticien', '2018-10-04', 49.00),
(2004, 'f21', '201811', 'Voyage SNCF', '2018-11-28', 30.00),
(2005, 'f21', '201811', 'location salle conférence', '2018-11-13', 584.00),
(2006, 'f21', '201811', 'location équipement vidéo/sonore', '2018-11-06', 278.00),
(2007, 'f21', '201812', 'repas avec praticien', '2018-12-08', 36.00),
(2008, 'f21', '201812', 'taxi', '2018-12-03', 41.00),
(2009, 'f21', '201901', 'location salle conférence', '2019-01-16', 625.00),
(2010, 'f21', '201902', 'rémunération intervenant/spécialiste', '2019-02-06', 908.00),
(2011, 'f21', '201902', 'traiteur, alimentation, boisson', '2019-02-25', 37.00),
(2012, 'f21', '201902', 'rémunération intervenant/spécialiste', '2019-02-02', 358.00),
(2013, 'f21', '201903', 'traiteur, alimentation, boisson', '2019-03-03', 116.00),
(2014, 'f21', '201903', 'repas avec praticien', '2019-03-18', 37.00),
(2015, 'f21', '201903', 'traiteur, alimentation, boisson', '2019-03-08', 189.00),
(2016, 'f21', '201903', 'rémunération intervenant/spécialiste', '2019-03-05', 494.00),
(2017, 'f21', '201904', 'traiteur, alimentation, boisson', '2019-04-01', 170.00),
(2018, 'f21', '201904', 'traiteur, alimentation, boisson', '2019-04-07', 414.00),
(2019, 'f21', '201904', 'repas avec praticien', '2019-04-19', 46.00),
(2020, 'f21', '201904', 'rémunération intervenant/spécialiste', '2019-04-04', 495.00),
(2021, 'f21', '201904', 'taxi', '2019-04-14', 46.00),
(2022, 'f21', '201904', 'location salle conférence', '2019-04-18', 412.00),
(2023, 'f21', '201905', 'rémunération intervenant/spécialiste', '2019-05-20', 398.00),
(2024, 'f21', '201905', 'Voyage SNCF', '2019-05-11', 122.00),
(2025, 'f21', '201905', 'frais vestimentaire/représentation', '2019-05-13', 196.00),
(2026, 'f21', '201905', 'taxi', '2019-05-04', 20.00),
(2027, 'f21', '201905', 'repas avec praticien', '2019-05-25', 41.00),
(2028, 'f21', '201905', 'repas avec praticien', '2019-05-09', 49.00),
(2029, 'f21', '201906', 'achat de matériel de papèterie', '2019-06-15', 38.00),
(2030, 'f21', '201906', 'location équipement vidéo/sonore', '2019-06-23', 264.00),
(2031, 'f21', '201906', 'location équipement vidéo/sonore', '2019-06-19', 584.00),
(2032, 'f21', '201906', 'achat de matériel de papèterie', '2019-06-24', 46.00),
(2033, 'f21', '201907', 'Voyage SNCF', '2019-07-27', 106.00),
(2034, 'f21', '201908', 'taxi', '2019-08-18', 34.00),
(2035, 'f21', '201908', 'traiteur, alimentation, boisson', '2019-08-02', 77.00),
(2036, 'f21', '201908', 'Voyage SNCF', '2019-08-20', 52.00),
(2037, 'f21', '201909', 'traiteur, alimentation, boisson', '2019-09-21', 316.00),
(2038, 'f21', '201910', 'location véhicule', '2019-10-22', 324.00),
(2039, 'f21', '201910', 'achat de matériel de papèterie', '2019-10-20', 45.00),
(2040, 'f21', '201910', 'achat de matériel de papèterie', '2019-10-05', 25.00),
(2041, 'f21', '201911', 'traiteur, alimentation, boisson', '2019-11-25', 85.00),
(2042, 'f21', '201911', 'achat de matériel de papèterie', '2019-11-12', 23.00),
(2043, 'f21', '201911', 'frais vestimentaire/représentation', '2019-11-10', 410.00),
(2044, 'f21', '201911', 'traiteur, alimentation, boisson', '2019-11-07', 442.00),
(2045, 'f21', '201911', 'rémunération intervenant/spécialiste', '2019-11-17', 785.00),
(2046, 'f21', '201912', 'frais vestimentaire/représentation', '2019-12-17', 116.00),
(2047, 'f21', '201912', 'location salle conférence', '2019-12-13', 549.00),
(2048, 'f21', '202001', 'taxi', '2020-01-03', 45.00),
(2049, 'f21', '202001', 'location équipement vidéo/sonore', '2020-01-10', 471.00),
(2050, 'f21', '202001', 'achat de matériel de papèterie', '2020-01-08', 13.00),
(2051, 'f21', '202001', 'achat de matériel de papèterie', '2020-01-03', 28.00),
(2052, 'f21', '202002', 'Voyage SNCF', '2020-02-03', 58.00),
(2053, 'f21', '202002', 'location salle conférence', '2020-02-09', 132.00),
(2054, 'f21', '202002', 'taxi', '2020-02-20', 23.00),
(2055, 'f21', '202002', 'repas avec praticien', '2020-02-10', 37.00),
(2056, 'f21', '202002', 'achat de matériel de papèterie', '2020-02-02', 38.00),
(2057, 'f21', '202002', 'taxi', '2020-02-25', 59.00),
(2058, 'f39', '201801', 'location équipement vidéo/sonore', '2018-01-08', 778.00),
(2059, 'f39', '201802', 'frais vestimentaire/représentation', '2018-02-05', 228.00),
(2060, 'f39', '201802', 'frais vestimentaire/représentation', '2018-02-06', 347.00),
(2061, 'f39', '201802', 'Voyage SNCF', '2018-02-22', 43.00),
(2062, 'f39', '201802', 'location salle conférence', '2018-02-09', 522.00),
(2063, 'f39', '201802', 'frais vestimentaire/représentation', '2018-02-11', 244.00),
(2064, 'f39', '201802', 'location équipement vidéo/sonore', '2018-02-03', 776.00),
(2065, 'f39', '201803', 'taxi', '2018-03-21', 67.00),
(2066, 'f39', '201803', 'achat de matériel de papèterie', '2018-03-08', 27.00),
(2067, 'f39', '201803', 'Voyage SNCF', '2018-03-19', 135.00),
(2068, 'f39', '201803', 'repas avec praticien', '2018-03-10', 31.00),
(2069, 'f39', '201803', 'location équipement vidéo/sonore', '2018-03-28', 738.00),
(2070, 'f39', '201804', 'location équipement vidéo/sonore', '2018-04-16', 691.00),
(2071, 'f39', '201804', 'achat de matériel de papèterie', '2018-04-08', 40.00),
(2072, 'f39', '201805', 'taxi', '2018-05-01', 35.00),
(2073, 'f39', '201805', 'repas avec praticien', '2018-05-18', 45.00),
(2074, 'f39', '201805', 'frais vestimentaire/représentation', '2018-05-17', 322.00);
INSERT INTO `lignefraishorsforfait` (`idLigneFraisForfait`, `idVisiteur`, `mois`, `libelle`, `date`, `montant`) VALUES
(2075, 'f39', '201805', 'repas avec praticien', '2018-05-22', 38.00),
(2076, 'f39', '201805', 'frais vestimentaire/représentation', '2018-05-11', 69.00),
(2077, 'f39', '201805', 'repas avec praticien', '2018-05-14', 36.00),
(2078, 'f39', '201806', 'taxi', '2018-06-05', 44.00),
(2079, 'f39', '201806', 'location salle conférence', '2018-06-01', 286.00),
(2080, 'f39', '201807', 'location équipement vidéo/sonore', '2018-07-07', 774.00),
(2081, 'f39', '201808', 'repas avec praticien', '2018-08-09', 41.00),
(2082, 'f39', '201809', 'frais vestimentaire/représentation', '2018-09-28', 159.00),
(2083, 'f39', '201809', 'frais vestimentaire/représentation', '2018-09-24', 167.00),
(2084, 'f39', '201809', 'Voyage SNCF', '2018-09-27', 97.00),
(2085, 'f39', '201810', 'Voyage SNCF', '2018-10-02', 148.00),
(2086, 'f39', '201810', 'frais vestimentaire/représentation', '2018-10-25', 121.00),
(2087, 'f39', '201810', 'frais vestimentaire/représentation', '2018-10-27', 71.00),
(2088, 'f39', '201810', 'achat de matériel de papèterie', '2018-10-08', 37.00),
(2089, 'f39', '201811', 'frais vestimentaire/représentation', '2018-11-01', 183.00),
(2090, 'f39', '201811', 'Voyage SNCF', '2018-11-01', 70.00),
(2091, 'f39', '201811', 'location véhicule', '2018-11-11', 67.00),
(2092, 'f39', '201811', 'frais vestimentaire/représentation', '2018-11-05', 371.00),
(2093, 'f39', '201812', 'taxi', '2018-12-08', 48.00),
(2094, 'f39', '201812', 'location véhicule', '2018-12-26', 157.00),
(2095, 'f39', '201812', 'traiteur, alimentation, boisson', '2018-12-12', 100.00),
(2096, 'f39', '201812', 'location véhicule', '2018-12-02', 198.00),
(2097, 'f39', '201812', 'location salle conférence', '2018-12-06', 477.00),
(2098, 'f39', '201901', 'taxi', '2019-01-15', 69.00),
(2099, 'f39', '201901', 'achat de matériel de papèterie', '2019-01-08', 18.00),
(2100, 'f39', '201901', 'repas avec praticien', '2019-01-14', 39.00),
(2101, 'f39', '201902', 'frais vestimentaire/représentation', '2019-02-22', 439.00),
(2102, 'f39', '201903', 'location équipement vidéo/sonore', '2019-03-21', 644.00),
(2103, 'f39', '201903', 'location véhicule', '2019-03-23', 388.00),
(2104, 'f39', '201903', 'taxi', '2019-03-07', 77.00),
(2105, 'f39', '201904', 'repas avec praticien', '2019-04-28', 34.00),
(2106, 'f39', '201904', 'location équipement vidéo/sonore', '2019-04-06', 237.00),
(2107, 'f39', '201904', 'location véhicule', '2019-04-08', 377.00),
(2108, 'f39', '201904', 'achat de matériel de papèterie', '2019-04-17', 50.00),
(2109, 'f39', '201905', 'frais vestimentaire/représentation', '2019-05-14', 165.00),
(2110, 'f39', '201906', 'achat de matériel de papèterie', '2019-06-09', 45.00),
(2111, 'f39', '201906', 'location véhicule', '2019-06-24', 231.00),
(2112, 'f39', '201906', 'traiteur, alimentation, boisson', '2019-06-17', 42.00),
(2113, 'f39', '201906', 'location salle conférence', '2019-06-13', 350.00),
(2114, 'f39', '201906', 'rémunération intervenant/spécialiste', '2019-06-06', 611.00),
(2115, 'f39', '201906', 'rémunération intervenant/spécialiste', '2019-06-16', 746.00),
(2116, 'f39', '201907', 'location salle conférence', '2019-07-14', 448.00),
(2117, 'f39', '201907', 'location salle conférence', '2019-07-04', 597.00),
(2118, 'f39', '201907', 'location salle conférence', '2019-07-23', 346.00),
(2119, 'f39', '201907', 'Voyage SNCF', '2019-07-10', 46.00),
(2120, 'f39', '201909', 'rémunération intervenant/spécialiste', '2019-09-09', 596.00),
(2121, 'f39', '201909', 'rémunération intervenant/spécialiste', '2019-09-26', 1072.00),
(2122, 'f39', '201909', 'traiteur, alimentation, boisson', '2019-09-16', 316.00),
(2123, 'f39', '201909', 'achat de matériel de papèterie', '2019-09-17', 27.00),
(2124, 'f39', '201909', 'repas avec praticien', '2019-09-24', 31.00),
(2125, 'f39', '201910', 'taxi', '2019-10-21', 43.00),
(2126, 'f39', '201910', 'location équipement vidéo/sonore', '2019-10-17', 693.00),
(2127, 'f39', '201911', 'traiteur, alimentation, boisson', '2019-11-23', 49.00),
(2128, 'f39', '201911', 'location salle conférence', '2019-11-11', 174.00),
(2129, 'f39', '201912', 'Voyage SNCF', '2019-12-06', 125.00),
(2130, 'f39', '201912', 'location équipement vidéo/sonore', '2019-12-17', 137.00),
(2131, 'f39', '202001', 'frais vestimentaire/représentation', '2020-01-03', 124.00),
(2132, 'f39', '202001', 'achat de matériel de papèterie', '2020-01-06', 10.00),
(2133, 'f39', '202001', 'traiteur, alimentation, boisson', '2020-01-19', 325.00),
(2134, 'f39', '202001', 'location véhicule', '2020-01-25', 424.00),
(2135, 'f39', '202002', 'location salle conférence', '2020-02-22', 438.00),
(2136, 'f39', '202002', 'repas avec praticien', '2020-02-08', 30.00),
(2137, 'f4', '201801', 'location véhicule', '2018-01-16', 35.00),
(2138, 'f4', '201801', 'frais vestimentaire/représentation', '2018-01-13', 233.00),
(2139, 'f4', '201802', 'location salle conférence', '2018-02-03', 305.00),
(2140, 'f4', '201802', 'location salle conférence', '2018-02-27', 550.00),
(2141, 'f4', '201802', 'taxi', '2018-02-02', 29.00),
(2142, 'f4', '201802', 'frais vestimentaire/représentation', '2018-02-12', 200.00),
(2143, 'f4', '201802', 'frais vestimentaire/représentation', '2018-02-13', 297.00),
(2144, 'f4', '201803', 'rémunération intervenant/spécialiste', '2018-03-03', 1040.00),
(2145, 'f4', '201803', 'Voyage SNCF', '2018-03-04', 131.00),
(2146, 'f4', '201804', 'frais vestimentaire/représentation', '2018-04-01', 63.00),
(2147, 'f4', '201804', 'repas avec praticien', '2018-04-07', 45.00),
(2148, 'f4', '201804', 'rémunération intervenant/spécialiste', '2018-04-03', 325.00),
(2149, 'f4', '201804', 'repas avec praticien', '2018-04-14', 32.00),
(2150, 'f4', '201805', 'achat de matériel de papèterie', '2018-05-23', 14.00),
(2151, 'f4', '201805', 'location équipement vidéo/sonore', '2018-05-28', 393.00),
(2152, 'f4', '201806', 'taxi', '2018-06-24', 55.00),
(2153, 'f4', '201806', 'achat de matériel de papèterie', '2018-06-14', 31.00),
(2154, 'f4', '201806', 'location équipement vidéo/sonore', '2018-06-07', 519.00),
(2155, 'f4', '201806', 'location salle conférence', '2018-06-18', 545.00),
(2156, 'f4', '201806', 'Voyage SNCF', '2018-06-13', 100.00),
(2157, 'f4', '201807', 'repas avec praticien', '2018-07-15', 45.00),
(2158, 'f4', '201807', 'traiteur, alimentation, boisson', '2018-07-15', 115.00),
(2159, 'f4', '201807', 'traiteur, alimentation, boisson', '2018-07-21', 334.00),
(2160, 'f4', '201808', 'achat de matériel de papèterie', '2018-08-17', 10.00),
(2161, 'f4', '201808', 'location véhicule', '2018-08-25', 306.00),
(2162, 'f4', '201808', 'achat de matériel de papèterie', '2018-08-12', 10.00),
(2163, 'f4', '201808', 'location salle conférence', '2018-08-11', 587.00),
(2164, 'f4', '201808', 'location salle conférence', '2018-08-27', 367.00),
(2165, 'f4', '201809', 'taxi', '2018-09-03', 74.00),
(2166, 'f4', '201810', 'rémunération intervenant/spécialiste', '2018-10-25', 253.00),
(2167, 'f4', '201810', 'repas avec praticien', '2018-10-13', 36.00),
(2168, 'f4', '201810', 'location véhicule', '2018-10-04', 203.00),
(2169, 'f4', '201811', 'rémunération intervenant/spécialiste', '2018-11-26', 983.00),
(2170, 'f4', '201811', 'rémunération intervenant/spécialiste', '2018-11-12', 900.00),
(2171, 'f4', '201811', 'rémunération intervenant/spécialiste', '2018-11-17', 353.00),
(2172, 'f4', '201812', 'repas avec praticien', '2018-12-17', 30.00),
(2173, 'f4', '201812', 'frais vestimentaire/représentation', '2018-12-15', 360.00),
(2174, 'f4', '201812', 'repas avec praticien', '2018-12-16', 43.00),
(2175, 'f4', '201812', 'achat de matériel de papèterie', '2018-12-17', 29.00),
(2176, 'f4', '201812', 'location équipement vidéo/sonore', '2018-12-13', 775.00),
(2177, 'f4', '201901', 'location équipement vidéo/sonore', '2019-01-02', 108.00),
(2178, 'f4', '201901', 'frais vestimentaire/représentation', '2019-01-17', 187.00),
(2179, 'f4', '201901', 'location salle conférence', '2019-01-07', 395.00),
(2180, 'f4', '201901', 'achat de matériel de papèterie', '2019-01-13', 34.00),
(2181, 'f4', '201901', 'repas avec praticien', '2019-01-23', 36.00),
(2182, 'f4', '201902', 'location salle conférence', '2019-02-11', 432.00),
(2183, 'f4', '201902', 'location salle conférence', '2019-02-10', 165.00),
(2184, 'f4', '201902', 'location équipement vidéo/sonore', '2019-02-26', 450.00),
(2185, 'f4', '201902', 'achat de matériel de papèterie', '2019-02-11', 12.00),
(2186, 'f4', '201903', 'location salle conférence', '2019-03-08', 370.00),
(2187, 'f4', '201903', 'Voyage SNCF', '2019-03-27', 126.00),
(2188, 'f4', '201903', 'Voyage SNCF', '2019-03-17', 124.00),
(2189, 'f4', '201903', 'taxi', '2019-03-22', 63.00),
(2190, 'f4', '201903', 'frais vestimentaire/représentation', '2019-03-27', 415.00),
(2191, 'f4', '201904', 'taxi', '2019-04-16', 20.00),
(2192, 'f4', '201904', 'rémunération intervenant/spécialiste', '2019-04-14', 512.00),
(2193, 'f4', '201904', 'rémunération intervenant/spécialiste', '2019-04-20', 837.00),
(2194, 'f4', '201905', 'taxi', '2019-05-19', 70.00),
(2195, 'f4', '201906', 'repas avec praticien', '2019-06-26', 31.00),
(2196, 'f4', '201906', 'traiteur, alimentation, boisson', '2019-06-24', 158.00),
(2197, 'f4', '201906', 'location équipement vidéo/sonore', '2019-06-24', 744.00),
(2198, 'f4', '201908', 'location salle conférence', '2019-08-18', 468.00),
(2199, 'f4', '201908', 'location salle conférence', '2019-08-19', 620.00),
(2200, 'f4', '201909', 'location salle conférence', '2019-09-12', 564.00),
(2201, 'f4', '201909', 'traiteur, alimentation, boisson', '2019-09-22', 55.00),
(2202, 'f4', '201910', 'achat de matériel de papèterie', '2019-10-04', 13.00),
(2203, 'f4', '201910', 'Voyage SNCF', '2019-10-13', 32.00),
(2204, 'f4', '201910', 'location véhicule', '2019-10-28', 424.00),
(2205, 'f4', '201910', 'location équipement vidéo/sonore', '2019-10-19', 621.00),
(2206, 'f4', '201911', 'rémunération intervenant/spécialiste', '2019-11-27', 733.00),
(2207, 'f4', '201911', 'location véhicule', '2019-11-06', 65.00),
(2208, 'f4', '201911', 'frais vestimentaire/représentation', '2019-11-19', 258.00),
(2209, 'f4', '201911', 'traiteur, alimentation, boisson', '2019-11-13', 111.00),
(2210, 'f4', '201911', 'rémunération intervenant/spécialiste', '2019-11-09', 547.00),
(2211, 'f4', '201911', 'repas avec praticien', '2019-11-03', 48.00),
(2212, 'f4', '201912', 'repas avec praticien', '2019-12-28', 30.00),
(2213, 'f4', '201912', 'rémunération intervenant/spécialiste', '2019-12-07', 431.00),
(2214, 'f4', '201912', 'traiteur, alimentation, boisson', '2019-12-05', 394.00),
(2215, 'f4', '202001', 'frais vestimentaire/représentation', '2020-01-06', 98.00),
(2216, 'f4', '202002', 'rémunération intervenant/spécialiste', '2020-02-28', 707.00),
(2217, 'f4', '202002', 'Voyage SNCF', '2020-02-01', 67.00),
(2218, 'f4', '202002', 'location salle conférence', '2020-02-09', 595.00),
(2219, 'a17', '202004', 'livraison repas séminaire', '2020-04-08', 400.00),
(2220, 'a17', '202004', 'taxis ', '2020-04-08', 50.00),
(2230, 'a17', '202310', 'garage', '2023-10-19', 150.00),
(2237, 'a17', '202403', 'cine', '2024-03-19', 11.00),
(2238, 'a17', '202403', 'parking', '2024-03-19', 25.00);

-- --------------------------------------------------------

--
-- Structure de la table `medecin`
--

CREATE TABLE `medecin` (
  `idMedecin` char(5) NOT NULL
) ENGINE=InnoDB DEFAULT CHARSET=utf8mb4 COLLATE=utf8mb4_general_ci;

--
-- Déchargement des données de la table `medecin`
--

INSERT INTO `medecin` (`idMedecin`) VALUES
('Pm002'),
('Pm003'),
('Pm006'),
('Pm008'),
('Pm013'),
('Pm015'),
('Pm017'),
('Pm019');

-- --------------------------------------------------------

--
-- Structure de la table `medicament`
--

CREATE TABLE `medicament` (
  `idMed` char(5) NOT NULL,
  `designationMed` varchar(50) NOT NULL,
  `niveauDanger` int(11) NOT NULL,
  `descriptifMed` text NOT NULL,
  `dateSortie` date NOT NULL,
  `cheminimageMed` varchar(100) NOT NULL
) ENGINE=InnoDB DEFAULT CHARSET=utf8mb4 COLLATE=utf8mb4_general_ci;

--
-- Déchargement des données de la table `medicament`
--

INSERT INTO `medicament` (`idMed`, `designationMed`, `niveauDanger`, `descriptifMed`, `dateSortie`, `cheminimageMed`) VALUES
('M001', 'Paracétamol', 1, 'Soulage la douleur et réduit la fièvre.', '2023-01-01', 'img/paracetamol.jpg'),
('M002', 'Ibuprofène', 2, 'Anti-inflammatoire et analgésique.', '2023-02-15', 'img/ibuprofene.jpg'),
('M003', 'Aspirine', 1, 'Réduit la douleur et l\'inflammation.', '2023-03-10', 'img/aspirine.jpg'),
('M004', 'Omeprazole', 3, 'Inhibiteur de la pompe à protons pour l\'ulcère gastrique.', '2023-04-05', 'img/omeprazole.jpg'),
('M005', 'Amoxicilline', 2, 'Antibiotique pour les infections bactériennes.', '2023-05-20', 'img/amoxicilline.jpg'),
('M006', 'Loratadine', 1, 'Antihistaminique pour les allergies.', '2023-06-15', 'img/loratadine.jpg'),
('M007', 'Simvastatine', 2, 'Réduit le cholestérol et les triglycérides.', '2023-07-10', 'img/simvastatine.jpg'),
('M008', 'Metformine', 2, 'Traitement du diabète de type 2.', '2023-08-05', 'img/metformine.jpg'),
('M009', 'Sertraline', 3, 'Antidépresseur sélectif du recaptage de la sérotonine.', '2023-09-20', 'img/sertraline.jpg'),
('M010', 'Warfarine', 3, 'Anticoagulant pour prévenir la formation de caillots.', '2023-10-15', 'img/warfarine.jpg'),
('M011', 'Amlodipine', 2, 'Traitement de l\'hypertension artérielle.', '2023-11-10', 'img/amlodipine.jpg'),
('M012', 'Prednisone', 3, 'Corticostéroïde pour les inflammations.', '2023-12-05', 'img/prednisone.jpg'),
('M013', 'Diazepam', 3, 'Anxiolytique et sédatif.', '2024-01-01', 'img/diazepam.jpg'),
('M014', 'Ciprofloxacine', 2, 'Antibiotique pour les infections bactériennes.', '2024-02-15', 'img/ciprofloxacin.jpg'),
('M015', 'Hydrochlorothiazide', 2, 'Diurétique pour l\'hypertension.', '2024-03-10', 'img/hydrochlorothiazide.jpg'),
('M016', 'Levothyroxine', 1, 'Hormone thyroïdienne de remplacement.', '2024-04-05', 'img/levothyroxine.jpg'),
('M017', 'Escitalopram', 3, 'Antidépresseur inhibiteur sélectif de la recapture de la sérotonine.', '2024-05-20', 'img/escitalopram.jpg'),
('M018', 'Atorvastatine', 2, 'Réduit le cholestérol et les triglycérides.', '2024-06-15', 'img/atorvastatine.jpg'),
('M019', 'Alprazolam', 3, 'Anxiolytique et hypnotique.', '2024-07-10', 'img/alprazolam.jpg'),
('M020', 'Fluoxétine', 2, 'Antidépresseur inhibiteur sélectif de la recapture de la sérotonine.', '2024-08-05', 'img/fluoxetine.jpg');

-- --------------------------------------------------------

--
-- Structure de la table `pharmacien`
--

CREATE TABLE `pharmacien` (
  `idPharmacien` char(5) NOT NULL
) ENGINE=InnoDB DEFAULT CHARSET=utf8mb4 COLLATE=utf8mb4_general_ci;

--
-- Déchargement des données de la table `pharmacien`
--

INSERT INTO `pharmacien` (`idPharmacien`) VALUES
('Pp004'),
('Pp007'),
('Pp009'),
('Pp010'),
('Pp014');

-- --------------------------------------------------------

--
-- Structure de la table `praticien`
--

CREATE TABLE `praticien` (
  `idPraticien` char(5) NOT NULL,
  `nom` char(30) DEFAULT NULL,
  `prenom` char(30) DEFAULT NULL,
  `adresse` char(30) DEFAULT NULL,
  `cp` char(5) DEFAULT NULL,
  `ville` char(30) DEFAULT NULL
) ENGINE=InnoDB DEFAULT CHARSET=utf8mb4 COLLATE=utf8mb4_general_ci;

--
-- Déchargement des données de la table `praticien`
--

INSERT INTO `praticien` (`idPraticien`, `nom`, `prenom`, `adresse`, `cp`, `ville`) VALUES
('Pi001', 'Dupont', 'Jean', '123 Rue de la Santé', '75001', 'Paris'),
('Pi005', 'Robert', 'Luc', '202 Avenue du Bien-Être', '44000', 'Nantes'),
('Pi011', 'Lefort', 'Michel', '808 Avenue de la Médecine', '31001', 'Toulouse'),
('Pi012', 'Muller', 'Christine', '909 Boulevard de la Santé', '44001', 'Nantes'),
('Pi016', 'Garnier', 'Marie', '141 Rue de la Santé', '75003', 'Paris'),
('Pi018', 'Cohen', 'Nathalie', '161 Boulevard du Réconfort', '31002', 'Toulouse'),
('Pi020', 'Boucher', 'Valérie', '181 Avenue de la Médecine', '59002', 'Lille'),
('Pm002', 'Martin', 'Sophie', '456 Avenue de la Médecine', '69001', 'Lyon'),
('Pm003', 'Dubois', 'Pierre', '789 Boulevard de la Santé', '13001', 'Marseille'),
('Pm006', 'Dumas', 'Isabelle', '303 Boulevard de la Médecine', '59000', 'Lille'),
('Pm008', 'Leroy', 'Catherine', '505 Avenue du Réconfort', '69002', 'Lyon'),
('Pm013', 'Roux', 'Paul', '111 Rue du Réconfort', '59001', 'Lille'),
('Pm015', 'Roy', 'Thierry', '131 Boulevard de la Médecine', '69003', 'Lyon'),
('Pm017', 'Lemoine', 'David', '151 Avenue du Bien-Être', '13003', 'Marseille'),
('Pm019', 'Gauthier', 'Patrick', '171 Rue des Soins', '44002', 'Nantes'),
('Pp004', 'Lefevre', 'Marie', '101 Rue des Soins', '31000', 'Toulouse'),
('Pp007', 'Richard', 'François', '404 Rue de la Santé', '33000', 'Bordeaux'),
('Pp009', 'Moreau', 'Philippe', '606 Boulevard du Bien-Être', '75002', 'Paris'),
('Pp010', 'Girard', 'Anne', '707 Rue des Soins', '13002', 'Marseille'),
('Pp014', 'Fournier', 'Sylvie', '121 Avenue des Soins', '33001', 'Bordeaux');

-- --------------------------------------------------------

--
-- Structure de la table `presenter`
--

CREATE TABLE `presenter` (
  `anneeMois` char(10) NOT NULL,
  `idMed` char(4) NOT NULL,
  `idVisiteur` char(4) DEFAULT NULL
) ENGINE=InnoDB DEFAULT CHARSET=utf8mb4 COLLATE=utf8mb4_general_ci;

--
-- Déchargement des données de la table `presenter`
--

INSERT INTO `presenter` (`anneeMois`, `idMed`, `idVisiteur`) VALUES
('072024', 'M002', 'a131'),
('082024', 'M002', 'a131'),
('092024', 'M002', 'a131'),
('042024', 'M002', 'a17'),
('052024', 'M002', 'a17'),
('062024', 'M002', 'a17'),
('072024', 'M002', 'a17'),
('082024', 'M002', 'a17'),
('092024', 'M002', 'a17'),
('042024', 'M002', 'a55'),
('052024', 'M002', 'a55'),
('062024', 'M002', 'a55'),
('072024', 'M002', 'a55'),
('082024', 'M002', 'a55'),
('092024', 'M002', 'a55'),
('042024', 'M002', 'a93'),
('052024', 'M002', 'a93'),
('062024', 'M002', 'a93'),
('072024', 'M002', 'a93'),
('082024', 'M002', 'a93'),
('092024', 'M002', 'a93'),
('042024', 'M001', 'a131'),
('062024', 'M001', 'a131'),
('072024', 'M001', 'a131'),
('092024', 'M001', 'a131'),
('042024', 'M007', 'a131'),
('062024', 'M007', 'a131'),
('072024', 'M007', 'a131'),
('092024', 'M007', 'a131'),
('042024', 'M014', 'a131'),
('062024', 'M014', 'a131'),
('072024', 'M014', 'a131'),
('092024', 'M014', 'a131'),
('042024', 'M015', 'a131'),
('062024', 'M015', 'a131'),
('072024', 'M015', 'a131'),
('092024', 'M015', 'a131'),
('042024', 'M017', 'a131'),
('062024', 'M017', 'a131'),
('072024', 'M017', 'a131'),
('092024', 'M017', 'a131'),
('042024', 'M018', 'a131'),
('062024', 'M018', 'a131'),
('072024', 'M018', 'a131'),
('092024', 'M018', 'a131'),
('042024', 'M019', 'a131'),
('062024', 'M019', 'a131'),
('072024', 'M019', 'a131'),
('092024', 'M019', 'a131'),
('042024', 'M001', 'a55'),
('062024', 'M001', 'a55'),
('072024', 'M001', 'a55'),
('092024', 'M001', 'a55'),
('042024', 'M007', 'a55'),
('062024', 'M007', 'a55'),
('072024', 'M007', 'a55'),
('092024', 'M007', 'a55'),
('042024', 'M014', 'a55'),
('062024', 'M014', 'a55'),
('072024', 'M014', 'a55'),
('092024', 'M014', 'a55'),
('042024', 'M015', 'a55'),
('062024', 'M015', 'a55'),
('072024', 'M015', 'a55'),
('092024', 'M015', 'a55'),
('042024', 'M017', 'a55'),
('062024', 'M017', 'a55'),
('072024', 'M017', 'a55'),
('092024', 'M017', 'a55'),
('042024', 'M018', 'a55'),
('062024', 'M018', 'a55'),
('072024', 'M018', 'a55'),
('092024', 'M018', 'a55'),
('042024', 'M019', 'a55'),
('062024', 'M019', 'a55'),
('072024', 'M019', 'a55'),
('092024', 'M019', 'a55');

-- --------------------------------------------------------

--
-- Structure de la table `region`
--

CREATE TABLE `region` (
  `idRegion` varchar(1) NOT NULL,
  `Libelle` varchar(255) NOT NULL,
  `idDirecteurRegional` varchar(4) NOT NULL
) ENGINE=InnoDB DEFAULT CHARSET=utf8mb4 COLLATE=utf8mb4_general_ci;

--
-- Déchargement des données de la table `region`
--

INSERT INTO `region` (`idRegion`, `Libelle`, `idDirecteurRegional`) VALUES
('a', 'Sud', 'ad10'),
('b', 'Nord', 'bd15'),
('c', 'Est', 'cd20'),
('d', 'Ouest', 'dd25'),
('e', 'Centre', 'ed30'),
('f', 'Paris', 'fd35');

-- --------------------------------------------------------

--
-- Structure de la table `visiter`
--

CREATE TABLE `visiter` (
  `dateJour` char(4) NOT NULL,
  `idMed` char(4) NOT NULL,
  `idVisiteur` char(4) DEFAULT NULL
) ENGINE=InnoDB DEFAULT CHARSET=utf8mb4 COLLATE=utf8mb4_general_ci;

-- --------------------------------------------------------

--
-- Structure de la table `visiteur`
--

CREATE TABLE `visiteur` (
  `idVisiteur` char(4) NOT NULL,
  `idRegion` varchar(1) NOT NULL
) ENGINE=InnoDB DEFAULT CHARSET=utf8mb4 COLLATE=utf8mb4_general_ci;

--
-- Déchargement des données de la table `visiteur`
--

INSERT INTO `visiteur` (`idVisiteur`, `idRegion`) VALUES
('a131', 'a'),
('a17', 'a'),
('a55', 'a'),
('a93', 'a'),
('b13', 'b'),
('b16', 'b'),
('b19', 'b'),
('b25', 'b'),
('b28', 'b'),
('b34', 'b'),
('b4', 'b'),
('b50', 'b'),
('b59', 'b'),
('c14', 'c'),
('c3', 'c'),
('c54', 'c'),
('d13', 'd'),
('d51', 'd'),
('e22', 'e'),
('e24', 'e'),
('e39', 'e'),
('e49', 'e'),
('e5', 'e'),
('e52', 'e'),
('f21', 'f'),
('f39', 'f'),
('f4', 'f');

--
-- Index pour les tables déchargées
--

--
-- Index pour la table `comptable`
--
ALTER TABLE `comptable`
  ADD PRIMARY KEY (`idComptable`);

--
-- Index pour la table `directeur_regional`
--
ALTER TABLE `directeur_regional`
  ADD PRIMARY KEY (`idDirecteurRegional`);

--
-- Index pour la table `employe`
--
ALTER TABLE `employe`
  ADD PRIMARY KEY (`idEmploye`);

--
-- Index pour la table `etat`
--
ALTER TABLE `etat`
  ADD PRIMARY KEY (`idEtat`);

--
-- Index pour la table `fichefrais`
--
ALTER TABLE `fichefrais`
  ADD PRIMARY KEY (`idVisiteur`,`mois`),
  ADD KEY `idEtat` (`idEtat`);

--
-- Index pour la table `fraisforfait`
--
ALTER TABLE `fraisforfait`
  ADD PRIMARY KEY (`idFraisForfait`);

--
-- Index pour la table `infirmier`
--
ALTER TABLE `infirmier`
  ADD PRIMARY KEY (`idInfirmier`);

--
-- Index pour la table `lignefraisforfait`
--
ALTER TABLE `lignefraisforfait`
  ADD PRIMARY KEY (`idVisiteur`,`mois`,`idFraisForfait`),
  ADD KEY `idFraisForfait` (`idFraisForfait`);

--
-- Index pour la table `lignefraishorsforfait`
--
ALTER TABLE `lignefraishorsforfait`
  ADD PRIMARY KEY (`idLigneFraisForfait`),
  ADD KEY `idVisiteur` (`idVisiteur`,`mois`);

--
-- Index pour la table `medecin`
--
ALTER TABLE `medecin`
  ADD PRIMARY KEY (`idMedecin`);

--
-- Index pour la table `medicament`
--
ALTER TABLE `medicament`
  ADD PRIMARY KEY (`idMed`);

--
-- Index pour la table `pharmacien`
--
ALTER TABLE `pharmacien`
  ADD PRIMARY KEY (`idPharmacien`);

--
-- Index pour la table `praticien`
--
ALTER TABLE `praticien`
  ADD PRIMARY KEY (`idPraticien`);

--
-- Index pour la table `presenter`
--
ALTER TABLE `presenter`
  ADD PRIMARY KEY (`idMed`,`idVisiteur`, `anneeMois`),
  ADD KEY `idMed` (`idMed`),
  ADD KEY `idVisiteur` (`idVisiteur`);

--
-- Index pour la table `region`
--
ALTER TABLE `region`
  ADD PRIMARY KEY (`idRegion`),
  ADD KEY `idDirecteurRegional` (`idDirecteurRegional`);

--
-- Index pour la table `visiter`
--
ALTER TABLE `visiter`
  ADD PRIMARY KEY (`dateJour`),
  ADD KEY `idMed` (`idMed`),
  ADD KEY `idVisiteur` (`idVisiteur`);

--
-- Index pour la table `visiteur`
--
ALTER TABLE `visiteur`
  ADD PRIMARY KEY (`idVisiteur`),
  ADD KEY `idRegion` (`idRegion`);

--
-- AUTO_INCREMENT pour les tables déchargées
--

--
-- AUTO_INCREMENT pour la table `lignefraishorsforfait`
--
ALTER TABLE `lignefraishorsforfait`
  MODIFY `idLigneFraisForfait` int(11) NOT NULL AUTO_INCREMENT, AUTO_INCREMENT=2239;


--
-- Contraintes pour les tables déchargées
--

--
-- Contraintes pour la table `infirmier`
--
ALTER TABLE `infirmier`
  ADD CONSTRAINT `infirmier_ibfk_1` FOREIGN KEY (`idInfirmier`) REFERENCES `praticien` (`idPraticien`);

--
-- Contraintes pour la table `medecin`
--
ALTER TABLE `medecin`
  ADD CONSTRAINT `medecin_ibfk_1` FOREIGN KEY (`idMedecin`) REFERENCES `praticien` (`idPraticien`);

--
-- Contraintes pour la table `pharmacien`
--
ALTER TABLE `pharmacien`
  ADD CONSTRAINT `pharmacien_ibfk_1` FOREIGN KEY (`idPharmacien`) REFERENCES `praticien` (`idPraticien`);

--
-- Contraintes pour la table `presenter`
--
ALTER TABLE `presenter`
  ADD CONSTRAINT `presenter_ibfk_1` FOREIGN KEY (`idMed`) REFERENCES `medicament` (`idMed`),
  ADD CONSTRAINT `presenter_ibfk_2` FOREIGN KEY (`idVisiteur`) REFERENCES `visiteur` (`idVisiteur`);
COMMIT;

/*!40101 SET CHARACTER_SET_CLIENT=@OLD_CHARACTER_SET_CLIENT */;
/*!40101 SET CHARACTER_SET_RESULTS=@OLD_CHARACTER_SET_RESULTS */;
/*!40101 SET COLLATION_CONNECTION=@OLD_COLLATION_CONNECTION */;
